Player_Id,Year,Rnd,Pick,Tm,Player,Pos,Position Standard,First4AV,Age,To,AP1,PB,St,CarAV,DrAV,G,Cmp,Pass_Att,Pass_Yds,Pass_TD,Pass_Int,Rush_Att,Rush_Yds,Rush_TDs,Rec,Rec_Yds,Rec_Tds,Tkl,Def_Int,Sk,College/Univ
ThomTh00,1988,2,40,BUF,Thurman Thomas HOF,RB,RB,84,22,2000,2,5,10,112,111,182,0,1,0,0,0,2877,12074,65,472,4458,23,,,,Oklahoma State
SmitEm00,1990,1,17,DAL,Emmitt Smith HOF,RB,RB,82,21,2004,4,8,14,129,127,226,1,1,21,1,0,4409,18355,164,515,3224,11,,,,Florida
TomlLa00,2001,1,5,SDG,LaDainian Tomlinson HOF,RB,RB,80,22,2011,3,5,10,128,121,170,8,12,143,7,0,3174,13684,145,624,4772,17,8,,,TCU
WattRi00,1991,2,45,SFO,Ricky Watters,RB,RB,74,22,2001,0,5,8,102,45,144,1,2,1,1,0,2622,10643,78,467,4248,13,,,,Notre Dame
JameEd00,1999,1,4,IND,Edgerrin James,RB,RB,73,21,2009,1,4,8,114,98,148,,,,,,3028,12246,80,433,3364,11,10,,,Miami (FL)
DaviTe00,1995,6,196,DEN,Terrell Davis HOF,RB,RB,70,22,2001,3,3,4,72,72,78,,,,,,1655,7607,60,169,1280,5,1,,,Georgia
FaulMa00,1994,1,2,IND,Marshall Faulk HOF,RB,RB,68,21,2005,3,7,11,133,52,176,0,2,0,0,0,2836,12279,100,767,6875,36,9,,,San Diego State
SandBa00,1989,1,3,DET,Barry Sanders HOF,RB,RB,68,21,1998,6,10,10,120,120,153,1,4,11,0,1,3062,15269,99,352,2921,10,,,,Oklahoma State
RiceRa00,2008,2,55,BAL,Ray Rice,RB,RB,66,21,2013,0,3,5,64,64,92,1,2,1,1,0,1430,6180,37,369,3034,6,5,,,Rutgers
GeorEd00,1996,1,14,HOU,Eddie George,RB,RB,64,23,2004,1,4,9,77,75,141,,,,,,2865,10441,68,268,2227,10,4,,,Ohio State
DrewMa00,2006,2,60,JAX,Maurice Jones-Drew,RB,RB,63,21,2014,1,3,4,72,72,126,1,2,8,1,1,1847,8167,68,346,2944,11,18,,,UCLA
MartCu00,1995,3,74,NWE,Curtis Martin HOF,RB,RB,63,22,2005,1,5,11,101,26,168,2,2,36,2,0,3518,14101,90,484,3329,10,6,,,Pittsburgh
JohnCh04,2008,1,24,TEN,Chris Johnson,RB,RB,61,23,2016,1,3,7,70,63,126,0,1,0,0,0,2118,9537,55,302,2212,9,8,,,East Carolina
WillRi00,1999,1,5,NOR,Ricky Williams,RB,RB,59,22,2011,1,1,5,76,26,147,1,3,34,0,1,2431,10009,66,342,2606,8,17,,,Texas
DunnWa00,1997,1,12,TAM,Warrick Dunn,RB,RB,59,22,2008,0,3,9,95,53,181,0,0,0,0,0,2669,10967,49,510,4339,15,14,,,Florida State
PeteAd01,2007,1,7,MIN,Adrian Peterson,RB,RB,58,22,2016,4,7,8,88,88,122,,,,,,2412,11725,97,240,1944,5,16,,,Oklahoma
PortCl00,2002,2,51,DEN,Clinton Portis,RB,RB,56,21,2010,0,2,7,71,30,113,3,6,47,3,0,2230,9923,75,247,2018,5,16,,,Miami (FL)
WalkHe00,1985,5,114,DAL,Herschel Walker,RB,RB,55,23,1997,0,2,8,79,37,187,1,3,12,0,0,1954,8225,61,512,4859,21,,,,Georgia
McCoLe01,2009,2,53,PHI,LeSean McCoy,RB,RB,54,21,2016,2,4,6,61,55,111,,,,,,1802,8403,54,358,2718,13,6,,,Pittsburgh
FortMa00,2008,2,44,CHI,Matt Forte,RB,RB,53,22,2016,0,2,9,75,75,130,0,1,0,0,0,2224,9334,52,510,4295,20,21,,,Tulane
AlexSh00,2000,1,19,SEA,Shaun Alexander,RB,RB,53,23,2008,1,3,7,70,70,123,,,,,,2187,9453,100,215,1520,12,3,,,Alabama
MurrDe00,2011,3,71,DAL,DeMarco Murray,RB,RB,51,23,2016,1,2,5,48,43,79,1,1,10,1,0,1339,6228,42,254,1786,5,5,,,Oklahoma
AddaJo00,2006,1,30,IND,Joseph Addai,RB,RB,51,23,2011,0,1,4,50,50,78,1,1,22,1,0,1095,4453,39,191,1448,9,5,,,LSU
GoreFr00,2005,3,65,SFO,Frank Gore,RB,RB,51,22,2016,0,5,11,81,77,175,,,,,,2880,12710,74,405,3354,15,12,,,Miami (FL)
JackSt00,2004,1,24,STL,Steven Jackson,RB,RB,49,21,2015,0,3,10,74,67,160,1,1,2,1,0,2764,11438,69,461,3683,9,10,,,Oregon State
WestBr00,2002,3,91,PHI,Brian Westbrook,RB,RB,49,23,2010,1,2,6,69,68,121,1,2,25,1,0,1385,6335,41,442,3940,30,16,,,Villanova
LewiJa00,2000,1,5,BAL,Jamal Lewis,RB,RB,48,21,2009,1,1,9,71,53,131,,,,,,2542,10607,58,221,1879,4,8,,,Tennessee
TaylFr00,1998,1,9,JAX,Fred Taylor,RB,RB,48,22,2010,0,1,10,88,86,153,,,,,,2534,11695,66,290,2384,8,4,,,Florida
AndeNe00,1986,1,27,CHI,Neal Anderson,RB,RB,48,22,1993,0,4,7,60,60,116,0,3,0,0,0,1515,6166,51,302,2763,20,,,,Florida
DillCo00,1997,2,43,CIN,Corey Dillon,RB,RB,47,22,2006,0,4,10,74,50,150,0,1,0,0,1,2618,11241,82,244,1913,7,5,,,Washington
BennEd00,1992,4,103,GNB,Edgar Bennett,RB,RB,47,23,1999,0,0,5,48,43,112,1,2,18,1,0,1115,3992,21,284,2245,10,,,,Florida State
HampRo00,1990,1,24,NYG,Rodney Hampton,RB,RB,47,21,1997,0,2,6,54,54,104,,,,,,1824,6897,49,174,1309,2,,,,Georgia
JohnLa00,2003,1,27,KAN,Larry Johnson,RB,RB,46,23,2011,1,2,4,51,50,85,1,3,4,1,0,1427,6223,55,154,1373,6,8,,,Penn State
McAlDe00,2001,1,23,NOR,Deuce McAllister,RB,RB,46,22,2008,0,2,4,55,55,97,1,4,12,1,0,1429,6096,49,234,1720,5,13,,,Mississippi
GreeAh00,1998,3,76,SEA,Ahman Green,RB,RB,45,21,2009,0,4,5,80,1,148,1,2,20,1,0,2056,9205,60,378,2883,14,12,,,Nebraska
McGaWi00,2003,1,23,BUF,Willis McGahee,RB,RB,42,21,2013,0,2,7,55,26,142,,,,,,2095,8474,65,210,1339,5,7,,,Miami (FL)
AndeJa00,1994,7,201,ATL,Jamal Anderson,RB,RB,42,22,2001,1,1,4,49,49,88,1,6,27,1,1,1329,5336,34,156,1645,7,,,,Utah
BarbTi00,1997,2,36,NYG,Tiki Barber,RB,RB,40,22,2006,1,3,7,99,99,154,0,1,0,0,0,2217,10449,55,586,5183,12,24,,,Virginia
JohnJo00,1990,7,169,PHO,Johnny Johnson,RB,RB,40,22,1994,0,1,5,37,16,72,0,1,0,0,1,1046,4078,21,177,1513,5,,,,San Jose State
MathRy00,2010,1,12,SDG,Ryan Mathews,RB,RB,39,22,2016,0,1,4,39,36,83,,,,,,1131,5027,36,177,1350,3,3,,,Fresno State
CharJa00,2008,3,73,KAN,Jamaal Charles,RB,RB,39,21,2016,2,4,4,63,63,103,,,,,,1332,7260,43,285,2457,20,12,,,Texas
BushRe00,2006,1,2,NOR,Reggie Bush,RB,RB,39,21,2016,0,0,6,60,33,129,0,1,0,0,1,1283,5491,36,477,3598,18,10,,,USC
BarbMa01,2005,4,109,DAL,Marion Barber,RB,RB,39,22,2011,0,1,3,40,38,99,0,1,0,0,0,1156,4780,53,179,1330,6,15,,,Minnesota
HillDa00,1986,2,31,NOR,Dalton Hilliard,RB,RB,39,22,1993,0,1,2,48,48,108,4,7,114,4,0,1126,4164,39,249,2233,14,,,,LSU
ByarKe00,1986,1,10,PHI,Keith Byars,RB,RB,38,22,1998,0,1,12,60,44,189,6,13,119,6,1,865,3109,23,610,5661,31,,,,Ohio State
KaufNa00,1995,1,18,OAK,Napoleon Kaufman,RB,RB,37,22,2000,0,0,3,39,39,91,0,1,0,0,0,978,4792,12,127,1107,5,,,,Washington
MetcEr00,1989,1,13,CLE,Eric Metcalf,RB,RB,37,21,2002,2,3,6,63,38,179,1,5,32,1,0,630,2392,12,541,5572,31,,,,Texas
LyncMa00,2007,1,12,BUF,Marshawn Lynch,RB,RB,36,21,2015,1,5,7,68,16,127,1,3,8,1,0,2144,9112,74,252,1979,9,11,,,California
WillDe02,2006,1,27,CAR,DeAngelo Williams,RB,RB,36,23,2016,0,1,6,59,51,140,,,,,,1707,8029,60,233,2079,8,8,,,Memphis
BrowRo05,2005,1,2,MIA,Ronnie Brown,RB,RB,36,23,2014,0,1,5,41,36,132,4,12,63,2,0,1281,5391,38,246,1966,2,13,,,Auburn
JoneJu01,2004,2,43,DAL,Julius Jones,RB,RB,36,23,2010,0,0,5,38,29,94,,,,,,1280,5068,22,150,1029,2,6,,,Notre Dame
BarlKe00,2001,3,80,SFO,Kevan Barlow,RB,RB,36,22,2006,0,0,2,36,33,84,,,,,,1022,3984,30,144,1164,3,3,,,Pittsburgh
AlstMi00,1996,2,35,TAM,Mike Alstott,RB,RB,36,22,2006,3,6,8,48,48,158,0,2,0,0,0,1359,5088,58,305,2284,13,5,,,Purdue
AlleTe00,1990,9,241,MIN,Terry Allen,RB,RB,36,22,2001,0,1,9,61,23,130,,,,,,2152,8614,73,204,1601,6,,,,Clemson
WhitLo00,1988,1,22,HOU,Lorenzo White,RB,RB,36,22,1995,0,1,3,43,42,107,,,,,,1062,4242,30,192,1738,6,,,,Michigan State
LeveDo00,1994,5,149,GNB,Dorsey Levens,RB,RB,35,24,2004,0,1,3,54,47,144,0,2,0,0,0,1243,4955,36,304,2334,17,2,,,Georgia Tech
BettJe00,1993,,10,RAM,Jerome Bettis HOF,RB,RB,35,21,2005,2,6,11,79,19,192,3,6,63,3,1,3479,13662,91,200,1449,3,,,,Notre Dame
MoreKn00,2009,1,12,DEN,Knowshon Moreno,RB,RB,34,22,2014,0,0,3,33,32,63,,,,,,877,3616,27,158,1409,9,3,,,Georgia
DaviDo01,2003,4,101,HOU,Domanick Williams,RB,RB,34,22,2005,0,0,3,32,32,40,0,1,0,0,0,770,3195,23,154,1276,5,3,,,LSU
JohnRu00,2001,4,100,CIN,Rudi Johnson,RB,RB,34,21,2008,0,1,4,47,46,95,,,,,,1517,5979,49,113,676,2,2,,,Auburn
SmitAn00,1997,1,23,BUF,Antowain Smith,RB,RB,34,25,2005,0,0,4,49,19,131,,,,,,1784,6881,54,136,982,3,2,,,Houston
FostBa00,1990,5,128,PIT,Barry Foster,RB,RB,34,21,1994,1,2,4,32,32,62,0,1,0,0,0,915,3943,26,93,804,2,,,,Arkansas
ButtMa00,1989,7,183,SDG,Marion Butts,RB,RB,34,23,1995,0,2,4,35,31,104,,,,,,1345,5185,43,68,471,1,,,,Florida State
HogeMe00,1987,10,261,PIT,Merril Hoge,RB,RB,34,22,1994,0,0,6,37,37,114,,,,,,825,3139,21,254,2133,13,,,,Idaho State
LacyEd00,2013,2,61,GNB,Eddie Lacy,RB,RB,33,23,2016,0,1,3,32,32,51,,,,,,788,3435,23,101,900,6,3,,,Alabama
MeggDa00,1989,5,132,NYG,Dave Meggett,RB,RB,33,23,1998,0,2,0,43,35,146,4,8,114,4,0,398,1684,8,336,3038,11,,,,Towson
StewJo00,2008,1,13,CAR,Jonathan Stewart,RB,RB,32,21,2016,0,1,2,43,43,110,,,,,,1393,6179,41,150,1223,6,8,,,Oregon
BennMi00,2001,1,27,MIN,Michael Bennett,RB,RB,32,23,2010,0,1,2,34,29,109,,,,,,842,3703,13,159,1294,6,15,,,Wisconsin
HenrTr00,2001,2,58,BUF,Travis Henry,RB,RB,32,22,2007,0,1,4,41,27,90,0,1,0,0,1,1488,6086,38,141,951,2,5,,,Tennessee
StalDu00,1997,3,71,PHI,Duce Staley,RB,RB,32,22,2006,0,0,5,52,45,114,0,0,0,0,0,1430,5785,24,287,2587,10,5,,,South Carolina
DaviSt00,1996,4,102,WAS,Stephen Davis,RB,RB,32,22,2006,0,3,7,56,40,143,,,,,,1945,8052,65,179,1494,4,7,,,Auburn
KirbTe00,1993,,78,MIA,Terry Kirby,RB,RB,32,23,2002,0,0,2,48,21,110,4,6,85,3,0,761,2875,27,333,3222,12,,,,Virginia
OkoyCh00,1987,2,35,KAN,Christian Okoye,RB,RB,32,26,1992,1,2,6,33,33,79,,,,,,1246,4897,40,42,294,0,,,,Azusa Pacific
MartDo00,2012,1,31,TAM,Doug Martin,RB,RB,31,23,2016,1,2,3,30,30,53,,,,,,933,3987,21,116,962,2,1,,,Boise State
FostDe00,2002,2,34,CAR,DeShaun Foster,RB,RB,31,22,2008,0,0,2,31,29,79,0,1,0,0,0,927,3570,11,142,1129,5,7,,,UCLA
MustBr00,1988,1,23,CHI,Brad Muster,RB,RB,31,23,1994,0,0,5,31,29,95,0,1,0,0,1,520,2231,24,202,1906,7,,,,Stanford
RathTo00,1986,3,56,SFO,Tom Rathman,RB,RB,31,23,1994,0,0,7,40,38,131,,,,,,544,2020,26,320,2684,8,,,,Nebraska
BellLe00,2013,2,48,PIT,Le'Veon Bell,RB,RB,30,21,2016,1,1,2,29,29,43,,,,,,798,3476,22,209,1826,4,3,,,Michigan State
MorrAl00,2012,6,173,WAS,Alfred Morris,RB,RB,30,23,2016,0,2,4,28,28,75,,,,,,1138,4933,31,49,373,0,3,,,Florida Atlantic
McFaDa00,2008,1,4,OAK,Darren McFadden,RB,RB,30,21,2016,0,0,4,39,32,100,1,4,16,1,0,1277,5336,28,251,2097,5,12,,,Arkansas
JacoBr00,2005,4,110,NYG,Brandon Jacobs,RB,RB,30,23,2013,0,0,3,36,36,109,,,,,,1141,5094,60,82,743,4,21,,,Southern Illinois
FaulKe00,1999,2,46,NWE,Kevin Faulk,RB,RB,30,23,2011,0,0,1,56,56,161,2,4,21,0,0,864,3607,16,431,3701,15,10,,,LSU
MayeRu00,1986,3,57,NOR,Rueben Mayes,RB,RB,30,23,1993,0,2,3,28,28,76,,,,,,866,3484,23,57,401,0,,,,Washington State
WashLe00,2006,4,117,NYJ,Leon Washington,RB,RB,29,24,2014,1,2,1,30,23,126,1,1,36,0,0,487,2271,16,168,1286,4,13,,,Florida State
JoneKe02,2004,1,30,DET,Kevin Jones,RB,RB,29,22,2008,0,0,4,27,26,64,,,,,,795,3176,24,143,1011,3,9,,,Virginia Tech
MorrBa00,1994,3,91,PIT,Bam Morris,RB,RB,29,22,1999,0,0,2,28,10,74,,,,,,974,3809,35,103,790,1,,,,Texas Tech
CobbRe00,1990,2,30,TAM,Reggie Cobb,RB,RB,29,22,1996,0,0,5,28,19,92,,,,,,1065,3743,25,123,949,2,,,,Tennessee
HoarLe00,1990,2,45,CLE,Leroy Hoard,RB,RB,29,22,1999,0,1,4,43,28,144,0,1,0,0,0,1008,3964,36,238,2430,15,,,,Michigan
WarrCh00,1990,4,89,SEA,Chris Warren,RB,RB,29,22,2000,0,3,6,59,49,162,,,,,,1791,7696,52,273,1935,5,,,,Ferrum
JoneFe00,2008,1,22,DAL,Felix Jones,RB,RB,28,21,2013,0,0,1,27,26,80,,,,,,617,2912,11,137,1129,3,4,,,Arkansas
MendRa00,2008,1,23,PIT,Rashard Mendenhall,RB,RB,28,21,2013,0,0,4,29,26,72,,,,,,1081,4236,37,95,795,2,6,,,Illinois
BradAh00,2007,7,250,NYG,Ahmad Bradshaw,RB,RB,28,21,2015,0,0,3,42,36,103,,,,,,1083,4928,36,187,1493,12,36,,,Marshall
StewJa00,1995,1,19,JAX,James Stewart,RB,RB,28,23,2002,0,0,5,45,22,101,0,1,0,0,0,1478,5841,48,220,1715,9,3,,,Tennessee
MeanNa00,1993,,41,SDG,Natrone Means,RB,RB,28,21,2000,0,1,4,38,28,88,0,2,0,0,0,1409,5215,45,103,631,2,,,,North Carolina
WillHa00,1991,1,21,KAN,Harvey Williams,RB,RB,28,24,1998,0,0,2,34,7,110,3,5,58,2,0,1021,3952,20,193,1442,7,,,,LSU
HarmRo00,1986,1,16,BUF,Ronnie Harmon,RB,RB,28,22,1997,0,1,1,63,12,181,,,,,,615,2774,10,582,6076,24,,,,Iowa
IngrMa01,2011,1,28,NOR,Mark Ingram,RB,RB,27,21,2016,0,1,2,25,25,72,,,,,,870,3770,28,132,920,3,3,,,Alabama
MaroLa00,2006,1,21,NWE,Laurence Maroney,RB,RB,27,21,2010,0,0,0,26,25,49,,,,,,618,2504,21,44,459,1,2,,,Minnesota
GreeHa00,1990,2,38,CIN,Harold Green,RB,RB,27,22,1998,0,1,6,40,30,124,,,,,,1151,4365,13,213,1644,4,,,,South Carolina
HampLo00,1985,1,27,MIA,Lorenzo Hampton,RB,RB,27,23,1989,0,0,3,25,25,70,,,,,,500,1949,22,123,954,6,,,,Florida
BernGi00,2013,2,37,CIN,Giovani Bernard,RB,RB,26,21,2016,0,0,1,25,25,55,,,,,,583,2442,14,187,1671,6,4,,,North Carolina
MoorMe00,2004,4,119,MIN,Mewelde Moore,RB,RB,26,22,2012,0,0,1,29,17,122,2,4,21,2,0,507,2267,6,220,1952,8,12,,,Tulane
TurnMi00,2004,5,154,SDG,Michael Turner,RB,RB,26,22,2012,1,2,5,54,9,134,,,,,,1639,7338,66,70,528,1,12,,,Northern Illinois
PittMi00,1998,4,95,ARI,Michael Pittman,RB,RB,26,23,2008,0,0,5,49,16,151,1,1,26,0,0,1392,5627,25,425,3512,8,16,,,Fresno State
AbduKa00,1996,3,80,MIA,Karim Abdul-Jabbar,RB,RB,26,22,2000,0,0,3,24,21,61,0,0,0,0,0,1004,3411,33,90,586,2,,,,UCLA
MillLa01,2012,4,97,MIA,Lamar Miller,RB,RB,25,21,2016,0,0,4,24,24,71,,,,,,830,3754,22,141,1020,4,3,,,Miami (FL)
RidlSt00,2011,3,73,NWE,Stevan Ridley,RB,RB,25,22,2016,0,0,1,24,23,62,,,,,,688,2914,22,27,144,0,1,,,LSU
BettLa00,2002,2,56,WAS,Ladell Betts,RB,RB,25,23,2010,0,0,1,32,31,111,,,,,,821,3326,15,188,1646,3,17,,,Iowa
AndeMi00,2000,6,189,DEN,Mike Anderson,RB,RB,25,27,2007,0,0,1,36,34,98,,,,,,919,4067,37,92,727,5,12,,,Utah
ErviRi00,1991,3,76,WAS,Ricky Ervins,RB,RB,25,22,1995,0,0,1,24,23,76,,,,,,554,2114,8,117,870,2,,,,USC
GaryCl00,1989,1,26,RAM,Cleveland Gary,RB,RB,25,23,1994,0,0,2,24,24,68,1,1,8,0,0,674,2645,24,135,874,5,,,,Miami (FL)
ToneAn00,1986,2,37,PHI,Anthony Toney,RB,RB,25,24,1990,0,0,4,23,23,67,0,1,0,0,0,639,2294,14,122,1031,5,,,,Texas A&M
BushMi00,2007,4,100,OAK,Michael Bush,RB,RB,24,23,2013,0,0,1,24,20,89,1,3,8,0,0,809,3250,29,104,1010,2,2,,,Louisville
ThomAn01,2001,2,38,CHI,Anthony Thomas,RB,RB,24,23,2007,0,0,3,27,22,87,,,,,,1044,3891,23,113,756,1,12,,,Michigan
JordLa00,2001,2,49,NYJ,LaMont Jordan,RB,RB,24,22,2009,0,0,2,31,11,114,0,2,0,0,1,897,3734,28,158,1301,3,6,,,Maryland
BiakTi00,1996,1,8,CAR,Tim Biakabutuka,RB,RB,24,22,2001,0,0,2,24,24,50,,,,,,611,2530,14,77,789,3,2,,,Michigan
PegrEr00,1991,6,145,ATL,Erric Pegram,RB,RB,24,22,1997,0,0,3,29,16,103,,,,,,855,3398,13,116,833,1,,,,North Texas
StraTr00,1987,4,99,MIA,Troy Stradford,RB,RB,24,23,1992,0,0,0,23,22,66,1,2,6,0,0,356,1380,10,170,1479,2,,,,Boston College
JackBo00,1987,7,183,RAI,Bo Jackson,RB,RB,24,24,1990,0,1,3,22,22,38,,,,,,515,2782,16,40,352,2,,,,Auburn
JackBo00,1986,1,1,TAM,Bo Jackson,RB,RB,24,23,1990,0,1,3,22,,38,,,,,,515,2782,16,40,352,2,,,,Auburn
VereSh00,2011,2,56,NWE,Shane Vereen,RB,RB,23,22,2016,0,0,0,22,16,61,,,,,,309,1314,8,174,1592,11,3,,,California
BrowDo00,2009,1,27,IND,Donald Brown,RB,RB,23,22,2015,0,0,1,25,21,88,,,,,,695,2829,18,120,1066,2,11,,,Connecticut
GreeSh00,2009,3,65,NYJ,Shonn Greene,RB,RB,23,24,2014,0,0,2,23,20,85,,,,,,993,4110,24,72,534,0,5,,,Iowa
SproDa00,2005,4,130,SDG,Darren Sproles,RB,RB,23,22,2016,0,2,0,58,25,163,,,,,,640,3186,20,507,4460,29,6,,,Kansas State
BellTa00,2004,2,41,DEN,Tatum Bell,RB,RB,23,23,2008,0,0,1,22,20,54,,,,,,569,2773,16,71,419,0,8,,,Oklahoma State
BrowCh03,2003,3,93,TEN,Chris Brown,RB,RB,23,22,2009,0,0,2,23,22,68,0,1,0,0,1,722,3024,19,90,741,2,8,,,Colorado
TaylCh01,2002,6,207,BAL,Chester Taylor,RB,RB,23,23,2011,0,0,2,39,12,151,1,2,4,1,0,1160,4740,26,299,2324,6,32,,,Toledo
JoneTh00,2000,1,7,ARI,Thomas Jones,RB,RB,23,22,2011,0,1,9,62,7,180,1,1,-4,0,0,2678,10591,68,308,2023,3,12,,,Virginia
DrouRe00,2000,3,81,DET,Reuben Droughns,RB,RB,23,22,2008,0,0,3,27,1,114,,,,,,929,3602,19,123,989,6,56,,,Oregon
LeexAm00,1992,2,45,SFO,Amp Lee,RB,RB,23,20,2000,0,0,0,32,7,116,,,,,,388,1512,7,335,3099,15,,,,Florida State
RussLe00,1991,1,14,NWE,Leonard Russell,RB,RB,23,21,1996,0,0,5,26,14,85,,,,,,1164,3973,29,122,846,0,,,,Arizona State
StepJo00,1988,1,17,NWE,John Stephens,RB,RB,23,22,1993,0,1,4,23,21,88,0,1,0,0,1,945,3440,18,105,812,1,,,,Northwestern State (LA)
BensCe00,2005,1,4,CHI,Cedric Benson,RB,RB,22,22,2012,0,0,5,34,9,96,,,,,,1600,6017,32,120,833,1,6,,,Texas
McNaTo00,1989,8,220,KAN,Todd McNair,RB,RB,22,23,1996,0,0,0,25,21,121,,,,,,147,803,3,254,2435,7,,,,Temple
NorwJe00,2006,3,79,ATL,Jerious Norwood,RB,RB,21,23,2011,0,0,0,20,20,66,0,2,0,0,1,399,2056,7,96,912,3,9,,,Mississippi State
WillCa02,2005,1,5,TAM,Cadillac Williams,RB,RB,21,23,2011,0,0,4,26,25,81,,,,,,1055,4038,21,148,1002,4,6,,,Auburn
HillGr00,1994,1,25,KAN,Greg Hill,RB,RB,21,22,1999,0,0,2,23,17,79,,,,,,772,3218,12,52,406,1,,,,Texas A&M
RhetEr00,1994,2,34,TAM,Errict Rhett,RB,RB,21,23,2000,0,0,4,26,18,86,,,,,,1174,4143,29,89,552,3,,,,Florida
ThomBl00,1990,1,2,NYJ,Blair Thomas,RB,RB,21,22,1995,0,0,3,20,18,64,1,1,16,1,0,533,2236,7,71,513,2,,,,Penn State
SherHe00,1989,6,162,PHI,Heath Sherman,RB,RB,21,22,1993,0,0,3,20,20,76,,,,,,537,2130,10,75,608,4,,,,Texas A&M-Kingsville
FennDe00,1989,10,268,SEA,Derrick Fenner,RB,RB,21,22,1997,0,0,7,30,9,120,,,,,,804,2996,32,202,1578,10,,,,North Carolina
DelpRo00,1988,5,117,RAM,Robert Delpino,RB,RB,21,22,1993,0,0,1,25,19,88,,,,,,502,1815,18,178,1769,9,,,,Missouri
SeweSt00,1985,1,26,DEN,Steve Sewell,RB,RB,21,22,1991,0,0,0,26,26,94,2,7,47,1,0,229,917,13,187,2354,13,,,,Oklahoma
StarJa00,2010,6,193,GNB,James Starks,RB,RB,20,24,2016,0,0,0,26,26,73,,,,,,595,2461,9,120,990,6,1,,,Buffalo
SmitKe02,2008,3,64,DET,Kevin Smith,RB,RB,20,21,2012,0,0,2,19,19,54,,,,,,598,2346,17,123,1082,5,7,,,Central Florida
SlatSt00,2008,3,89,HOU,Steve Slaton,RB,RB,20,22,2011,0,0,2,20,20,45,,,,,,442,1896,13,100,808,5,3,,,West Virginia
HighTi00,2008,5,149,ARI,Tim Hightower,RB,RB,20,22,2016,0,0,2,21,17,71,,,,,,707,2795,29,154,1120,1,11,,,Richmond
WardDe01,2004,7,235,NYJ,Derrick Ward,RB,RB,20,24,2011,0,0,0,25,,93,,,,,,551,2628,12,96,787,3,20,,,Fresno State
HarrRa00,1994,4,114,CHI,Raymont Harris,RB,RB,20,23,2000,0,0,3,19,17,54,,,,,,684,2509,16,114,739,1,,,,Ohio State
BaxtBr00,1989,11,303,MIN,Brad Baxter,RB,RB,20,22,1995,0,0,6,21,,94,,,,,,779,2928,35,80,587,0,,,,Alabama State
ZereAm00,1999,3,95,PIT,Amos Zereoue,RB,RB,19,22,2005,0,0,0,22,18,84,,,,,,553,2137,10,137,1111,1,13,,,West Virginia
WheaTy00,1995,1,17,NYG,Tyrone Wheatley,RB,RB,19,23,2004,0,0,3,39,8,124,1,1,24,1,0,1270,4962,40,125,900,7,,,,Michigan
BateMa00,1994,2,44,NOR,Mario Bates,RB,RB,19,21,2000,0,0,3,21,17,98,1,1,21,1,0,841,3048,38,65,419,0,,,,Arizona State
ThomLe00,1991,6,158,PIT,Leroy Thompson,RB,RB,19,22,1996,0,0,0,18,11,80,,,,,,404,1390,6,153,1193,5,,,,Penn State
WoodIc00,1988,2,31,CIN,Ickey Woods,RB,RB,19,22,1991,0,0,1,19,19,37,,,,,,332,1525,27,47,397,0,,,,UNLV
PinkAl00,1986,3,61,HOU,Allen Pinkett,RB,RB,19,22,1991,0,0,1,24,24,87,,,,,,561,2324,21,119,921,5,,,,Notre Dame
RichTr00,2012,1,3,CLE,Trent Richardson,RB,RB,18,22,2014,0,0,3,17,7,46,,,,,,614,2032,17,113,912,2,1,,,Alabama
RodgJa00,2011,5,145,ATL,Jacquizz Rodgers,RB,RB,18,21,2016,0,0,0,17,17,74,,,,,,407,1550,6,165,1172,5,8,,,Oregon State
HearGa00,1993,,3,PHO,Garrison Hearst,RB,RB,18,22,2004,0,2,7,71,7,126,2,4,26,1,1,1831,7966,30,229,2065,9,,,,Georgia
BrowDe01,1993,,109,NOR,Derek Brown,RB,RB,18,22,1996,0,0,2,17,17,56,,,,,,388,1383,6,108,918,3,,,,Nebraska
MurrAd00,1993,,120,NYJ,Adrian Murrell,RB,RB,18,22,2003,0,0,5,37,23,122,,,,,,1375,5199,23,214,1369,5,,,,West Virginia
BrouSt00,1990,1,20,ATL,Steve Broussard,RB,RB,18,23,1998,0,0,1,22,12,121,0,1,0,0,0,578,2625,19,126,882,3,,,,Washington State
CartDe00,1990,1,25,SFO,Dexter Carter,RB,RB,18,23,1996,0,0,1,18,18,100,,,,,,247,1042,5,61,656,2,,,,Florida State
WorkVi00,1989,5,127,GNB,Vince Workman,RB,RB,18,21,1996,0,0,2,21,12,106,0,1,0,0,0,467,1737,13,179,1294,7,,,,Ohio State
BernRo00,1987,1,24,SDG,Rod Bernstine,RB,RB,18,22,1995,0,0,3,31,20,84,1,1,11,1,0,670,2990,22,149,1384,2,,,,Texas A&M
JameGa00,1986,2,29,DET,Garry James,RB,RB,18,23,1988,0,0,3,17,17,40,,,,,,423,1510,12,89,816,2,,,,LSU
DaveRo00,1985,6,167,MIA,Ron Davenport,RB,RB,18,22,1989,0,0,0,17,17,67,,,,,,274,1127,13,93,801,4,,,,Louisville
GerhTo00,2010,2,51,MIN,Toby Gerhart,RB,RB,17,23,2015,0,0,0,16,13,82,,,,,,397,1675,7,100,809,3,8,,,Stanford
JackBr00,2007,2,63,GNB,Brandon Jackson,RB,RB,17,21,2012,0,0,1,16,16,54,,,,,,355,1383,7,112,864,2,9,,,Nebraska
SnelJa00,2007,7,244,ATL,Jason Snelling,RB,RB,17,23,2013,0,0,0,21,21,96,,,,,,363,1420,8,168,1249,9,37,,,Virginia
BrysSh00,1999,3,86,BUF,Shawn Bryson,RB,RB,17,22,2006,0,0,1,20,6,91,,,,,,528,2144,6,185,1383,3,17,,,Tennessee
GaryOl00,1999,4,127,DEN,Olandis Gary,RB,RB,17,24,2003,0,0,1,16,13,48,,,,,,496,1998,11,59,415,0,4,,,Georgia
FletTe00,1995,2,51,SDG,Terrell Fletcher,RB,RB,17,22,2002,0,0,0,22,22,111,1,1,23,1,0,526,1871,10,259,1943,3,3,,,Wisconsin
HolmDa00,1995,7,244,BUF,Darick Holmes,RB,RB,17,24,1999,0,0,0,16,11,60,,,,,,478,1769,11,73,610,1,,,,Portland
GarnCh00,1994,2,42,PHI,Charlie Garner,RB,RB,17,22,2004,0,1,5,73,11,147,0,0,0,0,0,1537,7097,39,419,3711,12,3,,,Tennessee
BrowGa00,1991,8,214,HOU,Gary Brown,RB,RB,17,22,1999,0,0,3,27,15,99,,,,,,1032,4300,21,84,631,3,,,,Penn State
ThomDa01,1990,1,19,GNB,Darrell Thompson,RB,RB,17,22,1994,0,0,2,16,16,60,,,,,,464,1641,7,41,330,1,,,,Minnesota
GreeGa00,1988,1,14,RAM,Gaston Green,RB,RB,17,22,1992,0,1,2,16,4,58,,,,,,551,2136,6,32,232,1,,,,UCLA
HeywCr00,1988,1,24,NOR,Craig Heyward,RB,RB,17,22,1998,0,1,6,38,13,149,1,2,44,0,1,1031,4301,30,177,1559,4,,,,Pittsburgh
WoodKe00,1988,3,61,GNB,Keith Woodside,RB,RB,17,24,1991,0,0,4,16,16,64,,,,,,259,976,6,144,1248,2,,,,Texas A&M
HillJe01,2014,2,55,CIN,Jeremy Hill,RB,RB,16,21,2016,0,0,2,16,16,42,,,,,,580,2541,26,51,356,1,5,,,LSU
HillRo00,2012,3,67,DEN,Ronnie Hillman,RB,RB,16,21,2016,0,0,1,15,15,53,,,,,,470,1892,12,71,474,1,1,,,San Diego State
JennRa00,2009,7,250,JAX,Rashad Jennings,RB,RB,16,24,2016,0,0,3,27,9,87,,,,,,849,3519,22,176,1407,1,4,,,Liberty
ForsJu00,2008,7,233,SEA,Justin Forsett,RB,RB,16,22,2016,0,1,2,30,12,118,,,,,,777,3735,18,203,1317,1,5,,,California
ThomRo00,1995,3,89,HOU,Rodney Thomas,RB,RB,16,22,2001,0,0,1,17,17,103,,,,,,532,1973,12,91,631,3,,,,Texas A&M
WayxCh00,1995,6,206,NYG,Charles Way,RB,RB,16,22,1999,0,0,3,15,15,75,,,,,,337,1356,10,118,898,4,,,,Virginia
VardTo00,1992,1,9,CLE,Tommy Vardell,RB,RB,16,23,1999,0,0,4,19,11,87,,,,,,403,1427,18,119,1010,3,,,,Stanford
BailJo00,1990,9,228,CHI,Johnny Bailey,RB,RB,16,23,1995,0,1,0,17,2,81,1,1,22,0,0,189,832,6,161,1355,1,,,,Texas A&M-Kingsville
JohnDa00,1989,2,39,DAL,Daryl Johnston,RB,RB,16,23,1999,0,2,9,25,25,151,,,,,,232,753,8,294,2227,14,,,,Syracuse
HiggMa00,1988,8,205,DAL,Mark Higgs,RB,RB,16,22,1995,0,0,3,22,0,90,,,,,,794,2959,14,40,303,0,,,,Kentucky
FennRi00,1987,8,211,MIN,Rick Fenney,RB,RB,16,22,1991,0,0,0,15,15,63,,,,,,358,1508,11,71,628,2,,,,Washington
WordBa00,1986,3,62,NOR,Barry Word,RB,RB,16,23,1994,0,0,4,24,2,72,,,,,,705,2897,16,30,280,0,,,,Virginia
FreeDe00,2014,4,103,ATL,Devonta Freeman,RB,RB,15,22,2016,0,1,2,15,15,41,,,,,,475,1973,15,134,1055,6,3,,,Florida State
ElliAn00,2013,6,187,ARI,Andre Ellington,RB,RB,15,24,2016,0,0,1,14,14,47,,,,,,386,1674,9,106,953,3,2,,,Clemson
TateBe00,2010,2,58,HOU,Ben Tate,RB,RB,15,22,2014,0,0,0,14,12,51,,,,,,545,2382,14,69,356,0,3,,,Auburn
WellCh00,2009,1,31,ARI,Beanie Wells,RB,RB,15,21,2012,0,0,1,14,14,51,,,,,,625,2471,24,28,293,0,3,,,Ohio State
WhitLe01,2006,2,45,TEN,LenDale White,RB,RB,15,21,2009,0,0,1,14,14,58,,,,,,628,2349,24,42,204,0,5,,,USC
GreeWi01,2002,1,16,CLE,William Green,RB,RB,15,22,2005,0,0,2,14,14,46,,,,,,568,2109,9,45,277,0,3,,,Boston College
SmitLa00,1994,3,73,SEA,Lamar Smith,RB,RB,15,23,2003,0,0,4,32,9,115,1,4,20,1,0,1322,4853,38,159,1255,7,1,,,Houston
MilbGl00,1993,,43,DEN,Glyn Milburn,RB,RB,15,22,2001,1,2,0,19,14,138,,,,,,183,817,2,170,1322,6,,,,Stanford
PottRo00,1993,,49,IND,Roosevelt Potts,RB,RB,15,22,1998,0,0,4,16,14,71,,,,,,359,1475,1,106,863,4,,,,Louisiana-Monroe
SmitSa00,1989,1,9,MIA,Sammie Smith,RB,RB,15,22,1992,0,0,2,14,13,44,,,,,,532,1881,15,32,310,1,,,,Florida State
SmitSt00,1987,3,81,RAI,Steve Smith,RB,RB,15,23,1995,0,0,6,20,18,128,,,,,,429,1627,9,131,1250,13,,,,Penn State
HeluRo00,2011,4,105,WAS,Roy Helu,RB,RB,14,22,2015,0,0,0,13,12,57,,,,,,272,1171,7,138,1227,4,8,,,Nebraska
PoweBi00,2011,4,126,NYJ,Bilal Powell,RB,RB,14,22,2016,0,0,1,13,13,68,1,1,30,0,0,442,1881,8,148,1139,3,11,,,Louisville
HarrJe00,2006,5,145,CLE,Jerome Harrison,RB,RB,14,23,2012,0,0,0,13,11,63,,,,,,356,1681,7,70,490,3,9,,,Washington State
SmitOn00,2003,4,105,MIN,Onterrio Smith,RB,RB,14,22,2004,0,0,0,14,14,26,,,,,,231,1123,7,51,523,2,1,,,Oregon
BienEr00,1991,2,39,SDG,Eric Bieniemy,RB,RB,14,22,1999,0,0,0,23,6,142,0,2,0,0,0,387,1589,11,146,1223,0,,,,Colorado
MitcBr00,1990,5,130,WAS,Brian Mitchell,RB,RB,14,22,2003,1,1,0,39,35,223,7,18,168,1,2,388,1967,12,255,2336,4,,,,Louisiana-Lafayette
WorlTi00,1989,1,7,PIT,Tim Worley,RB,RB,14,23,1994,0,0,2,13,10,48,,,,,,455,1792,8,35,253,0,,,,Georgia
FullBr00,1987,1,4,GNB,Brent Fullwood,RB,RB,14,23,1990,0,1,2,13,13,46,,,,,,433,1702,18,44,370,1,,,,Auburn
PalmPa00,1987,1,19,KAN,Paul Palmer,RB,RB,14,22,1989,0,0,2,14,11,41,0,1,0,0,0,270,1053,4,74,731,4,,,,Temple
DaviKe00,1986,2,41,GNB,Kenneth Davis,RB,RB,14,24,1994,0,0,2,30,6,131,,,,,,823,3513,27,135,878,5,,,,TCU
TurbRo00,2012,4,106,SEA,Robert Turbin,RB,RB,13,22,2016,0,0,0,12,12,68,,,,,,303,1200,4,66,545,2,4,,,Utah State
BestJa00,2010,1,30,DET,Jahvid Best,RB,RB,13,21,2012,0,0,1,13,13,22,0,1,0,0,0,255,945,6,85,774,3,1,,,California
ChoiTa00,2008,4,122,DAL,Tashard Choice,RB,RB,13,23,2013,0,0,0,13,10,88,,,,,,372,1579,10,81,574,0,6,,,Georgia Tech
McClLe00,2007,4,137,BAL,Le'Ron McClain,RB,RB,13,22,2013,1,2,6,12,12,111,,,,,,354,1310,13,94,557,3,7,,,Alabama
DaveNa00,2002,4,135,GNB,Najeh Davenport,RB,RB,13,23,2008,0,0,0,18,9,73,,,,,,394,1819,13,54,538,3,23,,,Miami (FL)
EdwaRo00,1998,1,18,NWE,Robert Edwards,RB,RB,13,23,2002,0,0,1,13,11,28,,,,,,311,1222,10,53,457,4,2,,,Georgia
SalaRa00,1995,1,21,CHI,Rashaan Salaam,RB,RB,13,20,1999,0,0,1,13,13,33,,,,,,471,1684,13,16,120,1,,,,Colorado
BrooRe00,1993,,45,WAS,Reggie Brooks,RB,RB,13,22,1996,0,0,1,13,11,41,,,,,,437,1726,7,37,267,0,,,,Notre Dame
JohnAn00,1990,2,36,IND,Anthony Johnson,RB,RB,13,22,2000,0,0,3,32,12,159,0,2,0,0,1,816,2966,9,284,2422,7,,,,Notre Dame
PerrBo00,1987,3,79,NWE,Bob Perryman,RB,RB,13,22,1992,0,0,3,12,10,68,,,,,,393,1338,9,83,616,0,,,,Michigan
MurrLa00,2013,6,181,OAK,Latavius Murray,RB,RB,12,23,2016,0,1,1,12,12,39,,,,,,449,1916,16,81,537,0,4,,,Central Florida
ThomDa03,2011,2,62,MIA,Daniel Thomas,RB,RB,12,23,2014,0,0,1,11,11,52,,,,,,409,1480,10,55,412,3,4,,,Kansas State
MorrMa00,2002,2,54,SEA,Maurice Morris,RB,RB,12,22,2011,0,0,0,29,19,145,,,,,,867,3648,13,151,1163,5,27,,,Oregon
BlayDe00,2001,5,150,KAN,Derrick Blaylock,RB,RB,12,22,2006,0,0,0,12,11,51,,,,,,198,820,10,53,520,2,21,,,Stephen F. Austin (TX)
DaynRo00,2000,1,11,NYG,Ron Dayne,RB,RB,12,22,2007,0,0,1,22,10,96,,,,,,983,3722,28,57,340,0,7,,,Wisconsin
HolcRo00,1998,2,37,STL,Robert Holcombe,RB,RB,12,22,2004,0,0,2,14,8,97,,,,,,337,1141,11,69,573,3,17,,,Illinois
SmitRo00,1993,,21,MIN,Robert Smith,RB,RB,12,21,2000,0,2,6,61,61,98,,,,,,1411,6818,32,178,1292,6,,,,Ohio State
MoorRo01,1993,,87,PHO,Ronald Moore,RB,RB,12,23,1998,0,0,2,13,12,77,0,1,0,0,0,624,2210,14,24,153,1,,,,Pittsburg State
HendKe00,1989,3,84,SFO,Keith Henderson,RB,RB,12,23,1992,0,0,0,12,10,37,1,1,36,1,0,194,755,4,42,532,0,,,,Georgia
HighAl00,1987,1,3,HOU,Alonzo Highsmith,RB,RB,12,22,1992,0,0,2,12,12,65,,,,,,283,1195,7,42,428,3,,,,Miami (FL)
VickRo00,1987,1,21,NYJ,Roger Vick,RB,RB,12,23,1990,0,0,3,12,12,58,,,,,,333,1289,10,66,469,2,,,,Texas A&M
AdamGe00,1985,1,19,NYG,George Adams,RB,RB,12,22,1991,0,0,1,12,12,76,0,1,0,0,0,257,886,3,111,1014,4,,,,Kentucky
StacZa00,2013,5,160,STL,Zac Stacy,RB,RB,11,22,2015,0,0,1,11,10,35,,,,,,357,1355,9,53,358,1,,,,Vanderbilt
HuntKe00,2011,4,115,SFO,Kendall Hunter,RB,RB,11,23,2015,0,0,0,11,11,45,0,0,0,0,0,263,1204,7,27,268,0,6,,,Oklahoma State
BuckCo00,2001,4,121,PHI,Correll Buckhalter,RB,RB,11,22,2010,0,0,0,28,20,103,,,,,,655,2944,21,144,1410,6,15,,,Nebraska
CaniTr00,2000,1,31,STL,Trung Canidate,RB,RB,11,23,2003,0,0,1,11,6,46,,,,,,240,1095,7,32,260,1,11,,,Arizona
PhilLa00,1996,1,6,STL,Lawrence Phillips,RB,RB,11,21,1999,0,0,2,11,9,35,0,0,0,0,0,424,1453,14,34,219,1,,,,Nebraska
WillSh00,1995,2,46,DAL,Sherman Williams,RB,RB,11,22,1999,0,0,0,10,10,60,0,1,0,0,0,302,1162,4,40,332,0,,,,Alabama
JoseJa00,1991,7,187,PHI,James Joseph,RB,RB,11,23,1995,0,0,0,10,10,78,,,,,,250,823,4,102,817,3,,,,Auburn
JoneKe01,1989,3,62,ATL,Keith Jones,RB,RB,11,23,1992,0,0,3,10,10,50,1,3,37,0,0,215,791,6,72,651,0,,,,Illinois
SmitJe00,1985,10,267,KAN,Jeff Smith,RB,RB,11,23,1988,0,0,1,10,6,56,,,,,,204,752,5,87,718,7,,,,Nebraska
SimsCh00,2014,3,69,TAM,Charles Sims,RB,RB,10,24,2016,0,0,0,10,10,28,,,,,,214,830,2,84,863,5,1,,,West Virginia
DaviKn00,2013,3,96,KAN,Knile Davis,RB,RB,10,21,2016,0,0,0,10,10,55,,,,,,241,790,11,34,271,1,1,,,Arkansas
RiddTh00,2013,6,199,DET,Theo Riddick,RB,RB,10,22,2016,0,0,0,10,10,53,,,,,,160,564,2,166,1395,11,10,,,Notre Dame
PierBe00,2012,3,84,BAL,Bernard Pierce,RB,RB,10,21,2015,0,0,0,10,10,52,,,,,,359,1345,5,32,171,0,2,,,Temple
StepLa00,2009,7,240,ARI,LaRod Stephens-Howling,RB,RB,10,22,2013,0,0,0,9,9,58,,,,,,189,671,5,58,545,3,2,,,Pittsburgh
WellJo00,2002,4,99,HOU,Jonathan Wells,RB,RB,10,23,2005,0,0,1,10,10,60,,,,,,374,1167,10,44,323,2,20,,,Ohio State
MinoTr00,2001,3,85,MIA,Travis Minor,RB,RB,10,22,2008,0,0,0,10,10,118,,,,,,307,1230,8,67,474,1,54,,,Florida State
MorrSa00,2000,5,156,BUF,Sammy Morris,RB,RB,10,23,2011,0,0,1,28,4,144,0,0,0,0,0,736,3053,26,166,1258,1,48,,,Texas Tech
EnisCu00,1998,1,5,CHI,Curtis Enis,RB,RB,10,22,2000,0,0,1,10,10,36,,,,,,456,1497,4,59,428,2,,,,Penn State
HuntRi00,1996,4,117,ATL,Richard Huntley,RB,RB,10,24,2002,0,0,1,14,0,63,0,1,0,0,0,364,1701,11,62,477,4,,,,Winston-Salem State
ZellRa00,1995,2,44,NOR,Ray Zellars,RB,RB,10,22,1998,0,0,1,10,10,48,,,,,,382,1351,11,57,391,0,,,,Notre Dame
BennDo00,1994,2,58,KAN,Donnell Bennett,RB,RB,10,22,2001,0,0,2,14,13,102,,,,,,529,1941,17,66,352,1,1,,,Miami (FL)
WarrLa00,1994,6,164,IND,Lamont Warren,RB,RB,10,21,2002,0,0,0,16,8,96,0,4,0,0,1,287,922,8,146,1270,5,4,,,Colorado
MoorDe00,1992,8,216,ATL,Derrick Moore,RB,RB,10,24,1995,0,0,1,10,,42,,,,,,310,1197,11,26,191,1,,,,Northeastern Oklahoma A&M
CravAa00,1991,3,60,MIA,Aaron Craver,RB,RB,10,22,1999,0,0,4,19,3,103,0,2,0,0,0,243,966,10,170,1364,4,,,,Fresno State
VaugJo00,1991,5,112,NWE,Jon Vaughn,RB,RB,10,21,1994,0,0,0,9,6,61,1,2,13,1,0,207,846,4,23,178,1,,,,Michigan
TillLe00,1989,4,93,NYG,Lewis Tillman,RB,RB,10,23,1995,0,0,1,17,9,109,,,,,,659,2383,12,43,315,0,,,,Jackson State
WillWa00,1988,6,155,PIT,Warren Williams,RB,RB,10,23,1993,0,0,1,9,9,71,,,,,,251,1191,8,38,339,2,,,,Miami (FL)
FeneGi00,1986,7,173,NOR,Gill Fenerty,RB,RB,10,23,1991,0,0,1,10,10,31,,,,,,212,832,5,44,444,2,,,,Holy Cross
CartRo00,1986,7,175,PIT,Rodney Carter,RB,RB,10,21,1989,0,0,0,10,10,40,3,4,71,0,0,52,244,4,86,810,8,,,,Purdue
JohnDa08,2015,3,86,ARI,David Johnson,RB,RB,9,23,2016,0,0,1,9,9,26,,,,,,322,1444,18,83,967,6,,,,Northern Iowa
BlueAl00,2014,6,181,HOU,Alfred Blue,RB,RB,9,23,2016,0,0,1,9,9,40,,,,,,398,1451,4,31,226,2,3,,,LSU
BrowBr02,2012,7,229,PHI,Bryce Brown,RB,RB,9,21,2015,0,0,0,8,6,42,,,,,,251,1076,7,37,316,0,1,,,Kansas State
ScotBe00,2009,6,209,CIN,Bernard Scott,RB,RB,9,25,2013,0,0,0,9,9,49,0,1,0,0,0,259,1049,4,31,175,0,1,,,Abilene Christian
PerrCh00,2004,1,26,CIN,Chris Perry,RB,RB,9,22,2008,0,0,0,9,9,35,,,,,,177,606,2,83,474,2,2,,,Michigan
JoneGr01,2004,2,55,JAX,Greg Jones,RB,RB,9,23,2013,0,0,4,9,9,131,,,,,,272,913,10,73,471,3,24,,,Florida State
GordLa00,2002,3,84,STL,Lamar Gordon,RB,RB,9,22,2006,0,0,0,8,6,41,,,,,,226,774,3,62,490,2,3,,,North Dakota State
JackJa00,2001,3,65,CLE,James Jackson,RB,RB,9,25,2005,0,0,1,9,9,52,,,,,,325,1082,5,32,232,0,4,,,Miami (FL)
MortCh00,2000,5,166,NOR,Chad Morton,RB,RB,9,23,2006,0,0,0,9,3,93,,,,,,89,382,0,48,419,1,7,,,USC
HickSk00,1998,3,69,WAS,Skip Hicks,RB,RB,9,23,2001,0,0,0,8,7,38,,,,,,285,1109,13,22,160,0,,,,UCLA
LintJo00,1998,5,131,BUF,Jonathan Linton,RB,RB,9,23,2000,0,0,0,9,9,44,,,,,,288,1002,6,33,246,2,,,,North Carolina
JohnLe00,1997,4,104,NYJ,Leon Johnson,RB,RB,9,23,2003,0,0,0,11,8,74,2,4,45,0,1,217,799,9,46,489,2,12,,,North Carolina
CartKi00,1995,1,1,CIN,Ki-Jana Carter,RB,RB,9,22,2004,0,0,0,12,9,59,0,1,0,0,0,319,1144,20,66,469,1,3,,,Penn State
JohnLe01,1994,3,84,GNB,LeShon Johnson,RB,RB,9,23,1999,0,0,1,10,3,62,,,,,,253,955,5,43,434,2,,,,Northern Illinois
ManoTi00,1987,3,80,CLE,Tim Manoa,RB,RB,9,23,1991,0,0,1,9,8,53,,,,,,236,938,6,40,308,2,,,,Penn State
SandTh00,1985,9,250,CHI,Thomas Sanders,RB,RB,9,23,1991,0,0,0,11,8,90,,,,,,321,1239,12,28,284,1,,,,Texas A&M
GurlTo01,2015,1,10,STL,Todd Gurley,RB,RB,8,21,2016,0,1,2,8,8,23,,,,,,416,1697,14,47,390,0,,,,Georgia
McKiJe00,2014,3,96,MIN,Jerick McKinnon,RB,RB,8,22,2016,0,0,0,8,8,37,,,,,,271,1125,3,63,396,1,1,,,Georgia Southern
BallMo00,2013,2,58,DEN,Montee Ball,RB,RB,8,22,2014,0,0,0,8,8,21,,,,,,175,731,5,29,207,0,6,,,Wisconsin
LewiDi00,2011,5,149,PHI,Dion Lewis,RB,RB,8,21,2016,0,0,0,8,2,32,,,,,,90,428,4,42,435,2,1,,,Pittsburgh
DwyeJo00,2010,6,188,PIT,Jonathan Dwyer,RB,RB,8,21,2014,0,0,0,8,8,38,,,,,,246,1022,3,29,184,0,,,,Georgia Tech
OgboCh00,2009,7,211,STL,Chris Ogbonnaya,RB,RB,8,23,2014,0,0,0,8,0,53,,,,,,158,710,2,96,714,2,6,,,Texas
LeonBr00,2007,2,52,STL,Brian Leonard,RB,RB,8,23,2014,0,0,0,11,3,88,,,,,,221,828,0,143,1008,1,30,,,Rutgers
MoreVe00,2005,3,73,HOU,Vernand Morency,RB,RB,8,25,2007,0,0,0,8,2,39,,,,,,171,726,4,57,404,0,8,,,Oklahoma State
PinnAr00,2003,4,99,DET,Artose Pinner,RB,RB,8,25,2007,0,0,0,8,7,47,,,,,,250,858,8,39,308,0,11,,,Kentucky
SuggLe00,2003,4,115,CLE,Lee Suggs,RB,RB,8,23,2006,0,0,0,8,8,29,,,,,,269,1074,4,28,217,1,7,,,Virginia Tech
HaynVe00,2002,5,166,PIT,Verron Haynes,RB,RB,8,23,2009,0,0,0,8,8,68,,,,,,174,738,3,61,449,2,36,,,Georgia
FuamCh00,1998,6,178,PIT,Chris Fuamatu-Ma'afala,RB,RB,8,21,2004,0,0,0,9,7,73,,,,,,227,964,8,43,351,2,9,,,Utah
HansBy00,1997,2,41,ATL,Byron Hanspard,RB,RB,8,21,1999,0,0,0,8,8,28,,,,,,189,718,1,16,146,1,,,,Texas Tech
GrahSc00,1992,7,188,PIT,Scottie Graham,RB,RB,8,23,1997,0,0,0,8,,57,,,,,,364,1267,7,20,126,0,,,,Ohio State
BellNi00,1991,2,43,RAI,Nick Bell,RB,RB,8,23,1993,0,0,0,8,8,35,,,,,,226,853,7,21,213,0,,,,Iowa
McAfFr00,1991,6,154,NOR,Fred McAfee,RB,RB,8,23,2006,0,1,0,9,6,194,,,,,,304,1273,8,35,211,0,,,,Mississippi Col.
TateLa00,1988,2,53,TAM,Lars Tate,RB,RB,8,22,1990,0,0,2,8,8,33,,,,,,292,1061,15,16,98,2,,,,Georgia
DoziDJ00,1987,1,14,MIN,D.J. Dozier,RB,RB,8,22,1991,0,0,0,8,8,43,1,1,19,1,0,172,691,7,33,301,2,,,,Penn State
MuelJa00,1987,3,78,BUF,Jamie Mueller,RB,RB,8,22,1990,0,0,2,8,8,57,,,,,,238,901,4,28,169,1,,,,Benedictine
SikaVa00,1986,10,254,STL,Vai Sikahema,RB,RB,8,24,1993,1,2,0,10,7,118,0,1,0,0,0,59,217,0,53,537,1,,,,BYU
RousLe00,1985,8,213,NYG,Lee Rouson,RB,RB,8,22,1991,0,0,0,8,8,92,,,,,,114,415,2,33,453,2,,,,Colorado
MasoTr00,2014,3,75,STL,Tre Mason,RB,RB,7,21,2015,0,0,1,7,7,25,,,,,,254,972,5,34,236,1,1,,,Auburn
RandJo01,2013,5,151,DAL,Joseph Randle,RB,RB,7,21,2015,0,0,0,7,7,35,,,,,,181,822,9,22,170,0,12,,,Oklahoma State
RichDa00,2012,7,252,STL,Daryl Richardson,RB,RB,7,22,2016,0,0,0,7,7,27,,,,,,169,697,0,38,284,0,,,,Abilene Christian
McKnJo00,2010,4,112,NYJ,Joe McKnight,RB,RB,7,22,2014,0,0,0,7,6,41,,,,,,113,505,0,23,241,2,2,,,USC
DixoAn00,2010,6,173,SFO,Anthony Dixon,RB,RB,7,23,2015,0,0,0,7,4,96,,,,,,274,934,11,23,140,0,8,,,Mississippi State
GoodMi00,2009,4,111,CAR,Mike Goodson,RB,RB,7,22,2013,0,0,0,7,4,42,,,,,,167,783,3,61,543,1,5,,,Texas A&M
BrowAn03,2009,4,129,NYG,Andre Brown,RB,RB,7,22,2013,0,0,1,7,7,22,,,,,,214,876,11,32,189,0,3,,,North Carolina State
MoatRy00,2005,3,77,PHI,Ryan Moats,RB,RB,7,22,2009,0,0,0,7,2,38,,,,,,204,831,8,20,127,1,13,,,Louisiana Tech
AutrDa00,1997,4,105,CHI,Darnell Autry,RB,RB,7,21,2000,0,0,0,7,2,24,,,,,,224,653,4,33,334,1,,,,Northwestern
McPhJe00,1996,5,134,MIA,Jerris McPhail,RB,RB,7,24,1998,0,0,0,7,7,26,,,,,,23,174,1,54,544,1,,,,East Carolina
RobiGr00,1993,,208,RAI,Greg Robinson,RB,RB,7,24,1996,0,0,1,7,5,28,,,,,,228,890,2,18,160,0,,,,Louisiana-Monroe
DunbVa00,1992,1,21,NOR,Vaughn Dunbar,RB,RB,7,24,1995,0,0,1,7,5,39,,,,,,267,935,5,11,73,0,,,,Indiana
HowaWi00,1988,5,113,TAM,William Howard,RB,RB,7,24,1989,0,0,2,7,7,31,,,,,,223,809,2,41,285,1,,,,Tennessee
LogaMa00,1987,5,130,CIN,Marc Logan,RB,RB,7,22,1997,0,0,3,22,1,139,,,,,,325,1391,15,123,1135,3,,,,Kentucky
DupaRe00,1986,1,26,NWE,Reggie Dupard,RB,RB,7,22,1990,0,0,0,7,6,51,,,,,,217,704,6,43,303,0,,,,SMU
MuelVa00,1986,4,103,RAI,Vance Mueller,RB,RB,7,22,1990,0,0,0,7,7,73,,,,,,128,469,3,40,452,2,,,,Occidental
TautJu00,1986,10,261,PHI,Junior Tautalatasi,RB,RB,7,24,1989,0,0,0,7,6,51,,,,,,97,275,0,88,706,2,,,,Washington State
HuntHe00,1985,11,289,PHI,Herman Hunter,RB,RB,7,24,1987,0,0,0,7,4,35,1,2,38,1,0,64,287,1,56,640,2,,,,Tennessee State
JoneMa04,2015,3,95,WAS,Matt Jones,RB,RB,6,22,2016,0,0,0,6,6,20,,,,,,243,950,6,27,377,1,,,,Florida
LangJe00,2015,4,106,CHI,Jeremy Langford,RB,RB,6,23,2016,0,0,0,6,6,22,,,,,,187,677,9,35,357,1,,,,Michigan State
SankBi00,2014,2,54,TEN,Bishop Sankey,RB,RB,6,22,2015,0,0,1,6,6,29,,,,,,199,762,3,32,272,1,1,,,Washington
WillAn00,2014,4,113,NYG,Andre Williams,RB,RB,6,22,2015,0,0,0,6,6,32,,,,,,305,978,8,19,137,0,1,,,Boston College
WhitJa02,2014,4,130,NWE,James White,RB,RB,6,22,2016,0,0,0,6,6,27,,,,,,59,206,2,84,786,8,,,,Wisconsin
SmitMu00,2003,3,77,BAL,Musa Smith,RB,RB,6,21,2007,0,0,0,6,6,49,,,,,,132,496,4,54,363,0,24,,,Georgia
GrifQu00,2003,4,108,DEN,Quentin Griffin,RB,RB,6,22,2004,0,0,0,6,6,16,,,,,,179,656,2,18,129,1,1,,,Oklahoma
OxenKe00,1998,7,201,ATL,Ken Oxendine,RB,RB,6,22,1999,0,0,1,6,6,21,,,,,,159,502,1,18,183,1,,,,Virginia Tech
OlivWi00,1996,3,73,CAR,Winslow Oliver,RB,RB,6,23,2000,0,0,0,6,4,64,,,,,,56,215,0,29,265,0,,,,New Mexico
EvanCh00,1992,11,295,MIN,Charles Evans,RB,RB,6,25,2000,0,0,3,10,7,98,,,,,,156,498,4,110,766,2,,,,Clark (GA)
ThomAn00,1990,2,31,PHO,Anthony Thompson,RB,RB,6,23,1992,0,0,0,6,5,37,0,1,0,0,0,251,831,6,14,74,0,,,,Indiana
LangDa00,1990,12,328,RAM,David Lang,RB,RB,6,22,1995,0,0,1,6,6,67,,,,,,49,273,5,30,388,1,,,,Northern Arizona
GreeMa00,1989,5,130,CHI,Mark Green,RB,RB,6,22,1992,0,0,0,6,6,53,,,,,,116,496,6,22,213,1,,,,Notre Dame
MorrJa00,1988,4,109,WAS,Jamie Morris,RB,RB,6,23,1990,0,0,0,6,6,33,,,,,,252,777,4,9,68,0,,,,Michigan
FlagTe00,1987,1,25,SFO,Terrence Flagler,RB,RB,6,23,1991,0,0,0,6,3,41,,,,,,56,237,2,33,366,1,,,,Clemson
SmitDo00,1987,2,51,TAM,Don Smith,RB,RB,6,23,1990,0,0,0,6,2,37,0,1,0,0,0,40,165,3,40,473,0,,,,Mississippi State
AgeeTo00,1987,5,119,SEA,Tommie Agee,RB,RB,6,23,1994,0,0,1,6,0,100,0,1,0,0,1,91,309,1,44,366,1,,,,Auburn
ElleGa00,1985,7,182,GNB,Gary Ellerson,RB,RB,6,22,1987,0,0,0,6,4,39,,,,,,169,688,8,19,193,1,,,,Wisconsin
AdamCu00,1985,8,207,SDG,Curtis Adams,RB,RB,6,23,1988,0,0,0,6,6,27,,,,,,262,907,7,9,76,0,,,,Central Michigan
GordMe00,2015,1,15,SDG,Melvin Gordon,RB,RB,5,22,2016,0,0,1,5,5,24,,,,,,401,1479,9,66,538,2,,,,Wisconsin
AbduAm00,2015,2,54,DET,Ameer Abdullah,RB,RB,5,22,2016,0,0,1,5,5,19,,,,,,161,698,2,30,240,2,,,,Nebraska
JohnDu00,2015,3,77,CLE,Duke Johnson,RB,RB,5,22,2016,0,0,0,5,5,27,,,,,,155,636,1,103,918,2,,,,Miami (FL)
AlleJa01,2015,4,125,BAL,Javorius Allen,RB,RB,5,24,2016,0,0,0,5,5,23,,,,,,146,548,1,48,368,2,,,,USC
HydeCa00,2014,2,57,SFO,Carlos Hyde,RB,RB,5,23,2016,0,0,0,5,5,29,,,,,,339,1332,13,39,211,0,,,,Ohio State
WestTe00,2014,3,94,CLE,Terrance West,RB,RB,5,23,2016,0,0,0,5,4,32,,,,,,373,1456,8,28,173,1,1,,,Towson
ThomDe05,2014,4,124,KAN,De'Anthony Thomas,RB,RB,5,21,2016,0,0,0,5,5,28,,,,,,25,149,2,44,322,1,,,,Oregon
WilsDa01,2012,1,32,NYG,David Wilson,RB,RB,5,21,2013,0,0,0,5,5,21,,,,,,115,504,5,6,42,1,1,,,Virginia Tech
ElliRh00,2012,4,128,MIN,Rhett Ellison,RB,RB,5,23,2016,0,0,2,5,5,68,,,,,,1,1,1,49,509,3,3,,,USC
BallVi00,2012,5,170,IND,Vick Ballard,RB,RB,5,22,2013,0,0,1,5,5,17,,,,,,224,877,2,18,147,1,,,,Mississippi State
HerrDa00,2012,6,191,CIN,Dan Herron,RB,RB,5,23,2015,0,0,0,5,0,35,,,,,,112,468,1,31,277,0,7,,,Ohio State
LeshMi00,2011,2,57,DET,Mikel Leshoure,RB,RB,5,21,2013,0,0,1,5,5,17,,,,,,217,807,9,34,214,0,1,,,Illinois
GreeAl00,2011,3,96,GNB,Alex Green,RB,RB,5,23,2013,0,0,0,5,5,29,,,,,,149,510,0,21,139,0,3,,,Hawaii
ToraRy00,2008,5,139,DEN,Ryan Torain,RB,RB,5,22,2012,0,0,1,5,0,22,,,,,,238,1011,6,24,148,2,3,,,Arizona State
LundWa00,2006,6,170,HOU,Wali Lundy,RB,RB,5,23,2006,0,0,1,5,5,14,0,0,0,0,0,124,476,4,33,204,0,1,,,Virginia
PearAl00,2005,4,127,JAX,Alvin Pearman,RB,RB,5,23,2009,0,0,0,5,5,38,,,,,,58,238,2,36,276,1,10,,,Virginia
HousCe00,2005,6,182,NYJ,Cedric Houston,RB,RB,5,23,2006,0,0,0,5,5,20,,,,,,194,676,7,15,109,0,,,,Tennessee
ToefLa00,2003,4,132,JAX,LaBrandon Toefield,RB,RB,5,23,2007,0,0,0,5,5,45,1,2,32,0,0,163,572,7,46,277,2,6,,,LSU
PeteAd00,2002,6,199,CHI,Adrian Peterson,RB,RB,5,23,2009,0,0,0,11,11,106,1,1,9,1,0,311,1283,8,78,665,0,62,,,Georgia Southern
MassCh00,2002,7,243,STL,Chris Massey,RB,RB,5,23,2011,0,0,0,7,7,141,,,,,,1,-1,0,0,0,0,,,,Marshall
ClouMi00,1999,2,54,KAN,Mike Cloud,RB,RB,5,24,2005,0,0,0,6,4,78,,,,,,193,648,12,13,100,0,5,,,Boston College
FazaJe00,1999,2,60,SDG,Jermaine Fazande,RB,RB,5,24,2000,0,0,0,5,5,20,,,,,,210,733,4,16,104,0,,,,Oklahoma
DaviTr00,1997,3,62,NOR,Troy Davis,RB,RB,5,22,1999,0,0,0,5,5,46,,,,,,150,446,1,36,237,0,,,,Iowa State
McElLe00,1996,2,32,ARI,Leeland McElroy,RB,RB,5,22,1997,0,0,1,5,5,30,,,,,,224,729,3,12,73,1,,,,Texas A&M
WillMo00,1996,3,75,MIN,Moe Williams,RB,RB,5,22,2005,0,0,0,28,24,132,,,,,,435,1826,21,154,1511,4,26,,,Kentucky
MoorJe00,1996,3,83,STL,Jerald Moore,RB,RB,5,21,2000,0,0,0,5,4,42,,,,,,207,705,6,20,142,0,,,,Oklahoma
HaydAa00,1995,4,104,SDG,Aaron Hayden,RB,RB,5,22,1998,0,0,0,5,4,32,,,,,,215,784,4,8,74,0,,,,Tennessee
CulvRo00,1992,4,85,IND,Rodney Culver,RB,RB,5,22,1995,0,0,0,5,4,43,,,,,,241,689,13,42,343,3,,,,Notre Dame
McDoAn00,1992,8,200,TAM,Anthony McDowell,RB,RB,5,23,1994,0,0,2,5,5,30,,,,,,37,145,0,64,477,4,,,,Texas Tech
LewiGr00,1991,5,115,DEN,Greg Lewis,RB,RB,5,22,1992,0,0,0,5,5,32,0,1,0,0,0,172,644,8,6,39,0,,,,Washington
LewiDa00,1991,6,161,CHI,Darren Lewis,RB,RB,5,22,1993,0,0,0,5,5,33,,,,,,112,431,4,22,201,0,,,,Texas A&M
GrifHo00,1991,9,236,IND,Howard Griffith,RB,RB,5,23,2000,0,0,5,8,,121,,,,,,121,351,3,122,844,9,,,,Illinois
ChriBo00,1991,12,310,ATL,Bob Christian,RB,RB,5,22,2002,0,0,7,21,18,135,,,,,,193,831,12,230,2048,7,,,,Northwestern
BallEr00,1989,2,35,CIN,Eric Ball,RB,RB,5,23,1995,0,0,2,5,5,97,,,,,,158,586,8,22,216,3,,,,UCLA
TaylCr00,1989,6,166,CIN,Craig Taylor,RB,RB,5,23,1991,0,0,0,5,5,36,,,,,,114,480,7,28,188,3,,,,West Virginia
ByruCa00,1986,5,111,BUF,Carl Byrum,RB,RB,5,23,1988,0,0,1,5,5,41,,,,,,132,527,0,18,127,1,,,,Miss. Valley State
WillKa01,2015,5,155,BUF,Karlos Williams,RB,RB,4,22,2015,0,0,0,4,4,11,,,,,,93,517,7,11,96,2,,,,Florida State
MichCh00,2013,2,62,SEA,Christine Michael,RB,RB,4,22,2016,0,0,0,4,4,31,,,,,,223,966,6,24,124,1,,,,Texas A&M
JuszKy00,2013,4,130,BAL,Kyle Juszczyk,RB,RB,4,22,2016,0,0,2,4,4,58,,,,,,5,10,0,83,673,5,7,,,Harvard
SherAn00,2011,5,136,ARI,Anthony Sherman,RB,RB,4,22,2016,0,0,1,4,1,86,,,,,,6,14,0,48,380,2,37,,,Connecticut
RoysEv00,2011,6,177,WAS,Evan Royster,RB,RB,4,23,2013,0,0,0,4,4,32,,,,,,81,416,2,26,188,0,3,,,Penn State
TodmJo00,2011,6,183,SDG,Jordan Todman,RB,RB,4,21,2016,0,0,0,4,0,56,,,,,,118,509,3,40,314,2,10,,,Connecticut
HardMo00,2010,2,59,CLE,Montario Hardesty,RB,RB,4,23,2012,0,0,0,4,4,23,,,,,,153,537,1,16,138,0,,,,Tennessee
KariDe00,2010,6,180,JAX,Deji Karim,RB,RB,4,23,2013,0,0,0,4,3,33,,,,,,110,341,0,18,129,0,1,,,Southern Illinois
RingJa00,2009,5,173,TEN,Javon Ringer,RB,RB,4,22,2012,0,0,0,4,4,37,,,,,,120,486,3,38,243,0,1,,,Michigan State
BookLo00,2007,3,71,MIA,Lorenzo Booker,RB,RB,4,23,2011,0,0,0,4,3,36,,,,,,61,230,0,47,362,0,3,,,Florida State
SmitKo00,2007,5,148,KAN,Kolby Smith,RB,RB,4,22,2009,0,0,0,4,4,27,,,,,,162,540,3,34,209,0,7,,,Louisville
DarbKe00,2007,7,246,TAM,Kenneth Darby,RB,RB,4,24,2010,0,0,0,4,0,41,,,,,,95,408,2,49,356,1,20,,,Alabama
JohnKy00,2002,5,145,CAR,Kyle Johnson,RB,RB,4,23,2007,0,0,1,4,,45,,,,,,9,39,1,33,323,8,17,,,Syracuse
PrenTr00,2000,3,63,CLE,Travis Prentice,RB,RB,4,23,2001,0,0,1,4,4,30,,,,,,187,525,9,38,201,1,3,,,Miami (OH)
WileMi00,2000,5,144,DAL,Michael Wiley,RB,RB,4,22,2002,0,0,0,4,4,42,0,0,0,0,0,80,503,1,43,315,2,6,,,Ohio State
IrviSe00,1999,4,103,DET,Sedrick Irvin,RB,RB,4,21,2000,0,0,0,4,4,20,,,,,,45,182,4,33,323,0,,,,Michigan State
AverJo00,1998,1,29,MIA,John Avery,RB,RB,4,22,2003,0,0,0,4,4,29,,,,,,149,524,2,16,115,2,,,,Mississippi
ShehRa00,1998,3,88,KAN,Rashaan Shehee,RB,RB,4,23,1999,0,0,0,4,4,25,,,,,,87,295,1,28,209,0,,,,Washington
BynuKe00,1997,5,138,SDG,Kenny Bynum,RB,RB,4,23,2000,0,0,0,4,4,53,,,,,,140,433,1,24,253,2,,,,South Carolina State
JoneGe00,1997,5,154,PIT,George Jones,RB,RB,4,23,1999,0,0,0,4,3,34,,,,,,119,371,1,17,105,1,,,,San Diego State
HenlJu00,1997,5,163,KAN,June Henley,RB,RB,4,22,1998,0,0,0,4,,11,,,,,,88,313,3,35,252,0,,,,Kansas
JervTr00,1995,5,170,GNB,Travis Jervey,RB,RB,4,23,2003,0,1,1,4,4,109,,,,,,129,503,2,10,35,0,14,,,The Citadel
LevyCh00,1994,2,38,ARI,Chuck Levy,RB,RB,4,22,1998,0,0,0,4,0,37,,,,,,44,217,1,24,167,0,,,,Arizona
SmitTo00,1992,1,19,ATL,Tony Smith,RB,RB,4,22,1994,0,0,0,4,4,33,,,,,,87,329,2,2,14,0,,,,Southern Miss
BratMe00,1989,7,180,DEN,Mel Bratton,RB,RB,4,24,1990,0,0,0,4,4,32,,,,,,57,190,4,39,345,4,,,,Miami (FL)
SmitTi00,1987,5,117,WAS,Timmy Smith,RB,RB,4,23,1990,0,0,1,4,4,22,,,,,,190,602,3,9,51,0,,,,Texas Tech
McCaNa00,1986,4,108,RAI,Napoleon McCallum,RB,RB,4,22,1994,0,0,0,6,6,74,,,,,,223,790,6,17,121,0,,,,Navy
GillOw20,1985,2,53,SEA,Owen Gill,RB,RB,4,23,1987,0,0,0,4,,32,,,,,,98,490,3,21,189,0,,,,Iowa
ColeTe01,2015,3,73,ATL,Tevin Coleman,RB,RB,3,22,2016,0,0,0,3,3,19,,,,,,146,626,6,21,344,1,,,,Indiana
TaliLo00,2014,4,138,BAL,Lorenzo Taliaferro,RB,RB,3,22,2016,0,0,0,3,3,19,,,,,,82,339,5,16,153,0,3,,,Coastal Carolina
TaylSt00,2013,5,140,ARI,Stepfan Taylor,RB,RB,3,22,2016,0,0,0,3,3,55,,,,,,120,393,1,20,154,3,5,,,Stanford
ThomCh03,2013,5,154,WAS,Chris Thompson,RB,RB,3,22,2016,0,0,0,3,3,30,,,,,,93,487,1,77,515,4,,,,Florida State
WareSp00,2013,6,194,SEA,Spencer Ware,RB,RB,3,21,2016,0,0,0,3,0,22,,,,,,207,1054,8,28,345,1,,,,LSU
CartDe01,2011,4,119,IND,Delone Carter,RB,RB,3,24,2013,0,0,0,3,3,27,,,,,,133,499,5,6,31,0,,,,Syracuse
JoneTa00,2011,4,125,OAK,Taiwan Jones,RB,RB,3,23,2016,0,0,0,3,3,60,,,,,,44,183,0,15,214,1,29,,,Eastern Washington
PeerCe00,2009,6,185,BAL,Cedric Peerman,RB,RB,3,22,2015,0,1,0,4,,86,,,,,,64,334,1,13,123,0,29,,,Virginia
WillEd00,2009,7,221,WAS,Eddie Williams,RB,RB,3,22,2012,0,0,0,3,,13,,,,,,2,2,0,1,17,0,,,,Idaho
HartMi00,2008,6,202,IND,Mike Hart,RB,RB,3,22,2010,0,0,0,3,3,21,,,,,,71,264,2,12,97,0,1,,,Michigan
HillLe00,2008,6,204,MIA,Lex Hilliard,RB,RB,3,24,2012,0,0,1,3,3,62,,,,,,48,163,2,30,233,2,,,,Montana
PittAn00,2007,4,107,NOR,Antonio Pittman,RB,RB,3,21,2008,0,0,0,3,,23,,,,,,117,435,0,21,147,0,4,,,Ohio State
WynnDe00,2007,7,228,GNB,DeShawn Wynn,RB,RB,3,23,2010,0,0,0,3,3,23,,,,,,64,332,5,14,122,0,2,,,Florida
GantQu00,2006,7,246,TEN,Quinton Ganther,RB,RB,3,22,2010,0,0,0,3,1,36,,,,,,80,280,3,17,151,0,6,,,Utah
HerrNo00,2005,7,244,PIT,Noah Herron,RB,RB,3,23,2006,0,0,0,3,0,23,,,,,,85,273,3,29,211,2,11,,,Northwestern
FlemTr00,2004,6,191,TEN,Troy Fleming,RB,RB,3,23,2005,0,0,0,3,3,29,,,,,,7,40,0,29,233,3,15,,,Tennessee
ScobJo00,2002,6,185,ARI,Josh Scobey,RB,RB,3,22,2007,0,0,0,3,3,62,,,,,,27,89,0,19,200,0,35,,,Kansas State
ChapDo00,2000,3,88,MIN,Doug Chapman,RB,RB,3,23,2003,0,0,0,3,3,26,,,,,,90,317,0,17,143,1,2,,,Marshall
CollCe00,1999,5,134,MIA,Cecil Collins,RB,RB,3,22,1999,0,0,0,3,3,8,,,,,,131,414,2,6,32,0,,,,McNeese State
RogeCh00,1999,5,152,SEA,Charlie Rogers,RB,RB,3,23,2003,0,0,0,3,2,67,,,,,,,,,1,7,0,6,,,Georgia Tech
DensAu00,1999,7,233,TAM,Autry Denson,RB,RB,3,22,2002,0,0,0,3,,34,,,,,,62,212,0,18,133,0,9,,,Notre Dame
BankTa00,1998,4,101,JAX,Tavian Banks,RB,RB,3,24,1999,0,0,0,3,3,14,,,,,,49,222,1,18,157,0,,,,Iowa
GrahJa00,1997,3,64,BAL,Jay Graham,RB,RB,3,22,2002,0,0,0,3,3,36,,,,,,129,454,2,20,104,0,2,,,Tennessee
WitmJo00,1996,3,92,PIT,Jon Witman,RB,RB,3,24,2001,0,0,3,3,3,85,,,,,,37,129,0,39,263,0,2,,,Penn State
MilnBr00,1996,4,115,IND,Brian Milne,RB,RB,3,23,2000,0,0,2,3,,63,,,,,,36,126,4,57,324,1,,,,Penn State
GreeSc00,1996,6,193,CAR,Scott Greene,RB,RB,3,24,1999,0,0,1,3,3,34,,,,,,45,157,1,44,290,2,,,,Michigan State
AskaJo00,1995,3,86,OAK,Joe Aska,RB,RB,3,23,1997,0,0,0,3,3,23,,,,,,74,336,1,8,63,0,,,,Central Oklahoma
LassDe00,1993,,94,DAL,Derrick Lassic,RB,RB,3,23,1993,0,0,0,3,3,10,,,,,,75,269,3,9,37,0,,,,Alabama
LestTi00,1992,10,255,RAM,Tim Lester,RB,RB,3,24,1999,0,0,3,4,2,93,,,,,,33,126,2,47,331,0,,,,Eastern Kentucky
BaldRa00,1991,4,92,MIN,Randy Baldwin,RB,RB,3,24,1996,0,0,0,3,0,65,,,,,,74,231,0,6,50,1,,,,Mississippi
ChafPa00,1990,5,117,CHI,Pat Chaffey,RB,RB,3,23,1993,0,0,0,3,,31,,,,,,61,330,2,11,111,1,,,,Oregon State
DrumRo00,1989,3,76,PHI,Robert Drummond,RB,RB,3,22,1991,0,0,0,3,3,36,,,,,,52,187,3,22,219,1,,,,Syracuse
JoneBi00,1989,12,311,KAN,Bill Jones,RB,RB,3,23,1992,0,0,0,3,3,38,,,,,,10,47,0,35,240,6,,,,Texas State
WallRa00,1986,6,145,HOU,Ray Wallace,RB,RB,3,22,1989,0,0,1,3,3,29,,,,,,76,330,4,24,211,2,,,,Purdue
BankCh00,1986,12,310,HOU,Chuck Banks,RB,RB,3,22,1987,0,0,0,3,1,16,,,,,,79,325,0,16,121,0,,,,West Virginia Tech
HowaBo00,1986,12,325,PHI,Bobby Howard,RB,RB,3,22,1988,0,0,0,3,,20,,,,,,60,210,2,15,183,0,,,,Indiana
VitaLi20,1985,7,185,WAS,Lionel Vital,RB,RB,3,22,1987,0,0,0,3,3,3,,,,,,80,346,2,1,13,0,,,,Nicholls State
AjayJa00,2015,5,149,MIA,Jay Ajayi,RB,RB,2,22,2016,0,0,0,2,2,18,,,,,,193,989,7,22,166,0,,,,Boise State
ArtiCa00,2015,5,174,CAR,Cameron Artis-Payne,RB,RB,2,25,2016,0,0,0,2,2,10,,,,,,81,327,3,6,69,0,,,,Auburn
CareKa00,2014,4,117,CHI,Ka'Deem Carey,RB,RB,2,21,2016,0,0,0,2,2,32,,,,,,106,426,2,12,119,1,,,,Arizona
GillMi00,2013,5,164,MIA,Mike Gillislee,RB,RB,2,22,2016,0,0,0,2,0,18,,,,,,109,614,7,14,69,1,2,,,Florida
JameMi00,2013,6,189,TAM,Mike James,RB,RB,2,22,2016,0,0,0,2,2,22,1,1,2,1,0,83,351,0,15,60,0,,,,Miami (FL)
BurkRe00,2013,6,190,CIN,Rex Burkhead,RB,RB,2,23,2016,0,0,0,2,2,36,,,,,,19,70,1,19,167,1,1,,,Nebraska
WillKe05,2013,7,230,IND,Kerwynn Williams,RB,RB,2,22,2016,0,0,0,2,0,17,,,,,,80,388,1,4,27,0,,,,Utah State
JameLa00,2012,2,61,SFO,LaMichael James,RB,RB,2,22,2015,0,0,0,2,2,18,,,,,,44,193,0,5,45,0,,,,Oregon
CoffGl00,2009,3,74,SFO,Glen Coffee,RB,RB,2,22,2009,0,0,0,2,2,14,,,,,,83,226,1,11,76,0,1,,,Alabama
BrowAa00,2009,6,192,DET,Aaron Brown,RB,RB,2,23,2011,0,0,0,2,2,22,,,,,,45,189,0,18,138,1,,,,TCU
WolfGa00,2007,3,93,CHI,Garrett Wolfe,RB,RB,2,23,2010,0,0,0,2,2,50,,,,,,72,282,1,11,129,0,39,,,Northern Illinois
ForsBr00,2003,6,206,CHI,Brock Forsey,RB,RB,2,23,2004,0,0,0,2,2,16,,,,,,69,244,2,3,37,0,1,,,Boise State
BrowDe02,2001,6,175,CAR,Dee Brown,RB,RB,2,23,2006,0,0,0,2,2,43,0,1,0,0,1,119,405,4,21,114,2,15,,,Syracuse
SmitPa00,2000,5,132,SFO,Paul Smith,RB,RB,2,22,2007,0,0,0,3,2,79,,,,,,46,210,1,18,182,0,27,,,Texas-El Paso
GreeMi00,2000,7,213,TEN,Mike Green,RB,RB,2,24,2002,0,0,0,2,2,32,0,2,0,0,2,36,142,1,19,121,2,6,,,Houston
MealRo00,2000,7,252,GNB,Rondell Mealey,RB,RB,2,23,2002,0,0,0,2,2,14,,,,,,22,73,1,9,76,0,6,,,LSU
MontJo00,1999,2,49,NYG,Joe Montgomery,RB,RB,2,23,2002,0,0,0,2,2,13,,,,,,123,372,4,0,0,0,,,,Ohio State
ParkDe00,1999,5,159,GNB,De'Mond Parker,RB,RB,2,22,2000,0,0,0,2,2,19,,,,,,54,269,2,13,65,0,,,,Oklahoma
PerrWi00,1998,5,132,NOR,Wilmont Perry,RB,RB,2,23,1999,0,0,0,2,2,13,,,,,,78,302,0,5,28,0,,,,Livingstone
ShawSe00,1997,3,61,NWE,Sedrick Shaw,RB,RB,2,23,1999,0,0,0,2,2,18,,,,,,55,258,1,9,34,0,,,,Iowa
BrowRe00,1996,3,91,SEA,Reggie Brown,RB,RB,2,23,2000,0,0,0,2,2,61,,,,,,18,46,0,36,237,1,,,,Fresno State
WhitRi00,1996,4,103,NOR,Ricky Whittle,RB,RB,2,24,1996,0,0,0,2,2,10,,,,,,20,52,0,26,162,0,,,,Oregon
GrieMa00,1996,6,195,NWE,Marrio Grier,RB,RB,2,24,1997,0,0,0,2,2,32,0,1,0,0,0,60,180,2,1,8,0,,,,Tenn-Chattanooga
HallTy00,1993,,174,DET,Ty Hallock,RB,RB,2,22,2000,0,0,3,6,2,86,,,,,,17,62,1,65,487,3,,,,Michigan State
BateMi00,1992,6,150,SEA,Michael Bates,RB,RB,2,22,2003,1,5,0,6,1,145,,,,,,12,33,0,12,158,1,,,,Arizona
HumpRo00,1992,8,212,IND,Ronald Humphrey,RB,RB,2,23,1995,0,0,0,2,2,26,,,,,,20,91,0,5,30,0,,,,Miss. Valley State
WilsRo00,1991,3,80,TAM,Robert Wilson,RB,RB,2,22,1996,0,0,1,2,2,51,,,,,,45,183,0,23,129,3,,,,Texas A&M
RichCu00,1991,4,97,DAL,Curvin Richards,RB,RB,2,22,1993,0,0,0,2,2,12,,,,,,55,181,1,3,8,0,,,,Pittsburgh
BrowIv00,1991,7,171,PHO,Ivory Lee Brown,RB,RB,2,22,1992,0,0,0,2,2,7,,,,,,68,194,2,7,54,0,,,,Ark-Pine Bluff
BellRi00,1990,12,319,PIT,Richard Bell,RB,RB,2,23,1990,0,0,0,2,2,16,,,,,,5,18,0,12,137,1,,,,Nebraska
GainDe00,1989,8,205,RAI,Derrick Gainer,RB,RB,2,23,1993,0,0,0,2,0,34,,,,,,41,120,1,13,122,0,,,,Florida A&M
OlipMi00,1988,3,66,WAS,Mike Oliphant,RB,RB,2,25,1991,0,0,0,2,1,26,,,,,,23,127,1,18,133,0,,,,Puget Sound
JordTo00,1988,5,132,PHO,Tony Jordan,RB,RB,2,23,1989,0,0,1,2,2,22,,,,,,144,371,5,10,44,0,,,,Kansas State
JoneKe00,1988,6,147,RAM,Keith Jones,RB,RB,2,22,1989,0,0,0,2,,16,,,,,,43,160,1,15,126,0,,,,Nebraska
GoodKe00,1988,7,167,TAM,Kerry Goode,RB,RB,2,23,1989,0,0,0,2,2,15,,,,,,63,231,0,7,68,0,,,,Alabama
HuntEd20,1987,8,196,NYJ,Eddie Hunter,RB,RB,2,22,1987,0,0,0,2,2,6,,,,,,56,210,0,7,28,2,,,,Virginia Tech
ClacDa00,1986,2,33,DAL,Darryl Clack,RB,RB,2,22,1989,0,0,0,2,2,51,,,,,,29,113,2,22,213,1,,,,Arizona State
MoorRi00,1985,3,75,SFO,Ricky Moore,RB,RB,2,22,1988,0,0,1,2,,22,,,,,,40,126,1,27,220,0,,,,Alabama
WolfRo00,1985,4,104,STL,Ron Wolfley,RB,RB,2,22,1995,0,4,0,2,2,145,,,,,,86,263,2,26,200,2,,,,West Virginia
DaviMi01,2015,4,126,SFO,Mike Davis,RB,RB,1,22,2016,0,0,0,1,1,14,,,,,,54,108,1,10,63,0,,,,South Carolina
CobbDa00,2015,5,138,TEN,David Cobb,RB,RB,1,22,2015,0,0,0,1,1,7,,,,,,52,146,1,1,-2,0,,,,Minnesota
MurpMa03,2015,7,230,NOR,Marcus Murphy,RB,RB,1,23,2016,0,0,0,1,1,16,,,,,,1,0,0,1,3,0,,,,Missouri
FranJo01,2013,4,125,GNB,Johnathan Franklin,RB,RB,1,23,2013,0,0,0,1,1,11,,,,,,19,107,1,4,30,0,3,,,UCLA
BarnKe00,2013,6,182,CAR,Kenjon Barner,RB,RB,1,24,2016,0,0,0,1,0,29,,,,,,57,252,2,12,34,0,,,,Oregon
BohaTo00,2013,7,215,NYJ,Tommy Bohanon,RB,RB,1,23,2015,0,0,1,1,1,36,,,,,,20,67,0,17,155,0,1,,,Wake Forest
PeadIs00,2012,2,50,STL,Isaiah Pead,RB,RB,1,22,2016,0,0,0,1,1,30,,,,,,27,100,0,15,100,0,2,,,Cincinnati
RainCh00,2012,5,159,PIT,Chris Rainey,RB,RB,1,24,2013,0,0,0,1,1,18,,,,,,26,102,2,14,60,0,,,,Florida
GrayCy00,2012,6,182,KAN,Cyrus Gray,RB,RB,1,22,2014,0,0,0,1,1,35,,,,,,24,99,1,9,64,0,9,,,Texas A&M
BakeEd01,2012,7,250,SDG,Edwin Baker,RB,RB,1,21,2014,0,0,0,1,0,6,,,,,,44,173,2,8,57,0,,,,Michigan State
WillRy00,2011,2,38,ARI,Ryan Williams,RB,RB,1,21,2012,0,0,0,1,1,5,,,,,,58,164,0,7,44,0,,,,Virginia Tech
BradAl00,2011,6,187,TAM,Allen Bradford,RB,RB,1,23,2015,0,0,0,1,0,19,,,,,,5,13,0,,,,8,,,USC
ScotDa01,2011,7,221,NYG,Da'Rel Scott,RB,RB,1,23,2013,0,0,0,1,1,20,,,,,,31,98,0,13,115,1,2,,,Maryland
AlleAn01,2011,7,225,BAL,Anthony Allen,RB,RB,1,23,2012,0,0,0,1,1,21,,,,,,19,69,1,2,12,0,9,,,Georgia Tech
BatcBa00,2011,7,232,PIT,Baron Batch,RB,RB,1,23,2012,0,0,0,1,1,12,,,,,,25,49,1,4,31,0,4,,,Texas Tech
HaviSt00,2011,7,240,PHI,Stanley Havili,RB,RB,1,23,2013,0,0,1,1,0,28,,,,,,13,29,1,25,171,1,11,,,USC
FiamTo00,2009,4,128,CAR,Tony Fiammetta,RB,RB,1,23,2014,0,0,1,1,0,51,,,,,,11,26,0,12,130,0,3,,,Syracuse
SummFr00,2009,5,169,PIT,Frank Summers,RB,RB,1,24,2014,0,0,1,1,0,27,,,,,,18,63,2,12,88,1,,,,UNLV
DaviJa03,2009,6,195,CLE,James Davis,RB,RB,1,23,2010,0,0,0,1,0,9,,,,,,28,75,0,8,50,0,,,,
ParmJa00,2008,6,176,MIA,Jalen Parmele,RB,RB,1,22,2014,0,0,0,1,,36,,,,,,48,187,0,7,60,0,2,,,Toledo
HenrCh01,2007,2,50,TEN,Chris Henry,RB,RB,1,22,2010,0,0,0,1,1,11,,,,,,32,122,2,6,53,0,3,,,Arizona
WrigDw01,2007,4,111,BUF,Dwayne Wright,RB,RB,1,24,2007,0,0,0,1,1,15,,,,,,29,94,0,3,17,0,3,,,Fresno State
CalhBr00,2006,3,74,DET,Brian Calhoun,RB,RB,1,22,2007,0,0,0,1,1,11,,,,,,14,54,0,7,55,0,2,,,Wisconsin
HamiJu20,2006,7,222,CLE,Justin Hamilton,RB,RB,1,24,2008,0,0,0,1,1,12,,,,,,,,,,,,13,,,Virginia Tech
FasoCi00,2005,4,112,MIN,Ciatrick Fason,RB,RB,1,22,2006,0,0,0,1,1,18,,,,,,50,161,5,3,19,0,4,,,Florida
NashDa00,2005,5,142,TEN,Damien Nash,RB,RB,1,23,2006,0,0,0,1,0,6,,,,,,24,98,0,7,55,0,,,,Missouri
EcheAd00,2004,7,208,CLE,Adimchinobe Echemandu,RB,RB,1,23,2007,0,0,0,1,0,19,0,1,0,0,0,28,110,0,5,36,0,3,,,California
HenrLe20,2002,7,241,MIA,Leonard Henry,RB,RB,1,24,2004,0,0,0,1,1,6,,,,,,46,141,0,3,12,0,,,,East Carolina
MoreFr00,2000,4,115,KAN,Frank Moreau,RB,RB,1,24,2001,0,0,0,1,1,14,,,,,,75,206,5,0,0,0,,,,Louisville
BennSe00,1999,4,112,NYG,Sean Bennett,RB,RB,1,23,2002,0,0,0,1,1,16,,,,,,29,126,1,9,64,0,1,,,Northwestern
HowaCh00,1998,5,153,DEN,Chris Howard,RB,RB,1,23,2000,0,0,0,1,,22,,,,,,41,123,1,5,37,0,,,,Michigan
SmitDe00,1996,3,65,DEN,Detron Smith,RB,RB,1,22,2003,0,1,0,1,1,113,,,,,,5,17,0,13,103,2,15,,,Texas A&M
HarrDe00,1996,6,175,STL,Derrick Harris,RB,RB,1,24,2001,0,0,2,1,1,44,,,,,,17,43,0,17,81,2,11,,,Miami (FL)
HallTi20,1996,6,183,OAK,Tim Hall,RB,RB,1,22,1997,0,0,0,1,1,18,,,,,,26,127,0,1,9,0,,,,Robert Morris
BradFr00,1996,7,231,SDG,Freddie Bradley,RB,RB,1,26,1996,0,0,0,1,1,10,,,,,,32,109,0,1,20,0,,,,Sonoma State
HickMi20,1996,7,253,CHI,Michael Hicks,RB,RB,1,23,1997,0,0,0,1,1,7,,,,,,31,106,0,1,-1,0,,,,South Carolina State
StewJa20,1995,5,157,MIN,James Stewart,RB,RB,1,23,1995,0,0,0,1,1,4,,,,,,31,144,0,1,3,0,,,,Miami (FL)
JoneCa00,1994,3,80,RAI,Calvin Jones,RB,RB,1,23,1996,0,0,0,1,1,16,,,,,,27,112,0,2,6,0,,,,Nebraska
DownGa00,1994,3,95,NYG,Gary Downs,RB,RB,1,22,2000,0,0,0,1,1,70,,,,,,45,149,0,9,66,0,,,,North Carolina State
HarrRu20,1993,,91,TAM,Rudy Harris,RB,RB,1,22,1994,0,0,0,1,1,18,,,,,,9,29,0,6,59,0,,,,
LockSc00,1992,8,204,NWE,Scott Lockwood,RB,RB,1,24,1993,0,0,0,1,1,6,,,,,,35,162,0,0,0,0,,,,USC
MileOs00,1992,9,226,CIN,Ostell Miles,RB,RB,1,22,1993,0,0,0,1,1,26,,,,,,30,78,1,6,89,0,,,,Houston
RoysMa00,1992,11,284,TAM,Mazio Royster,RB,RB,1,22,1994,0,0,0,1,1,33,,,,,,42,122,1,13,62,0,,,,USC
DingMi00,1991,8,211,CIN,Mike Dingle,RB,RB,1,22,1991,0,0,0,1,1,8,,,,,,21,91,0,5,23,1,,,,South Carolina
ThomEr00,1991,12,312,RAM,Ernie Thompson,RB,RB,1,21,1993,0,0,0,1,0,20,,,,,,13,37,0,6,68,1,,,,Indiana
RousJa20,1990,8,200,CHI,James Rouse,RB,RB,1,23,1991,0,0,0,1,1,30,,,,,,43,130,0,15,93,0,,,,Arkansas
HuntIv00,1989,7,182,IND,Ivy Joe Hunter,RB,RB,1,22,1991,0,0,1,1,0,45,,,,,,31,100,0,11,97,0,,,,Kentucky
JohnTr00,1989,10,271,HOU,Tracy Johnson,RB,RB,1,22,1996,0,0,1,2,0,121,,,,,,60,228,6,28,218,2,,,,Clemson
PateGr20,1989,11,286,ATL,Greg Paterra,RB,RB,1,22,1989,0,0,0,1,1,10,,,,,,9,32,0,5,42,0,,,,Slippery Rock
PainCa20,1988,6,142,DET,Carl Painter,RB,RB,1,24,1989,0,0,0,1,1,27,,,,,,32,106,0,4,42,0,,,,Hampton
PrimJa00,1988,9,222,ATL,James Primus,RB,RB,1,24,1989,0,0,0,1,1,21,,,,,,35,95,1,8,42,0,,,,UCLA
AlleMa01,1988,11,294,NWE,Marvin Allen,RB,RB,1,22,1991,0,0,0,1,1,37,,,,,,94,378,2,7,57,0,,,,Tulane
FlowKe00,1987,2,31,ATL,Kenny Flowers,RB,RB,1,23,1989,0,0,0,1,1,16,,,,,,27,85,1,7,50,0,,,,Clemson
BrowTo00,1987,7,182,MIA,Tom Brown,RB,RB,1,22,1989,0,0,1,1,1,10,,,,,,16,29,0,14,123,0,,,,Pittsburgh
CalhRi20,1987,9,230,DET,Rick Calhoun,RB,RB,1,24,1987,0,0,0,1,,3,,,,,,7,36,0,1,17,0,,,,Cal State-Fullerton
BlouAl20,1987,9,235,DAL,Alvin Blount,RB,RB,1,22,1987,0,0,0,1,1,2,,,,,,46,125,3,1,5,0,,,,Maryland
HeimLa20,1987,9,249,CHI,Lakei Heimuli,RB,RB,1,22,1987,0,0,0,1,1,3,,,,,,34,128,0,5,51,1,,,,BYU
WrigDa20,1987,9,251,NYG,Dana Wright,RB,RB,1,24,1987,0,0,0,1,,5,,,,,,24,74,0,4,28,0,,,,Findlay
McClDa22,1987,10,269,CIN,David McCluskey,RB,RB,1,23,1987,0,0,0,1,1,3,,,,,,29,94,1,1,8,0,,,,Georgia
MorsBo00,1987,12,316,PHI,Bobby Morse,RB,RB,1,21,1991,0,0,0,1,0,38,,,,,,11,64,0,1,8,0,,,,Michigan State
EdmoBo00,1986,5,126,SEA,Bobby Joe Edmonds,RB,RB,1,22,1995,1,1,0,1,1,65,,,,,,6,17,0,1,8,0,,,,Arkansas
FranJo21,1986,7,184,NYG,Jon Francis,RB,RB,1,22,1987,0,0,0,1,,9,,,,,,35,138,0,8,38,2,,,,Boise State
BadaRi00,1986,7,186,WAS,Rick Badanjek,RB,RB,1,24,1988,0,0,0,1,0,14,,,,,,29,87,1,6,35,0,,,,Maryland
CherTo20,1986,9,240,SFO,Tony Cherry,RB,RB,1,23,1987,0,0,0,1,1,6,,,,,,24,107,1,,,,,,,Oregon
DuprMa00,1986,12,327,RAM,Marcus Dupree,RB,RB,1,22,1991,0,0,0,1,1,15,,,,,,68,251,1,6,46,0,,,,Southern Miss
KingBr00,1985,5,126,KAN,Bruce King,RB,RB,1,22,1987,0,0,0,1,1,28,,,,,,41,121,0,8,48,0,,,,Purdue
CaldSc20,1985,8,202,DET,Scott Caldwell,RB,RB,1,22,1987,0,0,0,1,,3,,,,,,16,53,0,4,34,0,,,,Texas-Arlington
WillSc00,1985,9,244,STL,Scott Williams,RB,RB,1,23,1988,0,0,0,1,,32,,,,,,30,73,3,9,71,1,,,,Georgia
StraSt00,1985,11,303,RAI,Steve Strachan,RB,RB,1,22,1989,0,0,0,1,1,63,,,,,,52,174,0,7,61,1,,,,Boston College
YeldT.00,2015,2,36,JAX,T.J. Yeldon,RB,RB,0,21,2016,0,0,2,7,7,22,,,,,,265,1041,3,70,496,2,,,,Alabama
RobiJo02,2015,6,205,IND,Josh Robinson,RB,RB,0,23,2015,0,0,0,0,0,5,,,,,,17,39,0,6,33,0,,,,Mississippi State
HillKe01,2015,7,235,HOU,Kenny Hilliard,RB,RB,0,23,,0,0,0,,,,,,,,,,,,,,,,,,LSU
SeasLa00,2014,6,186,WAS,Lache Seastrunk,RB,RB,0,23,,0,0,0,,,,,,,,,,,,,,,,,,Baylor
GricMa00,2014,6,201,SDG,Marion Grice,RB,RB,0,23,2014,0,0,0,0,,10,0,1,0,0,0,15,41,1,7,29,0,,,,Arizona State
GaffTy00,2014,6,204,CAR,Tyler Gaffney,RB,RB,0,23,,0,0,0,,,,,,,,,,,,,,,,,,Stanford
JohnSt03,2014,7,222,JAX,Storm Johnson,RB,RB,0,22,2014,0,0,0,0,0,6,,,,,,29,86,2,1,-4,0,,,,Central Florida
SmalKi00,2014,7,227,SEA,Kiero Small,RB,RB,0,25,2014,0,0,0,0,,3,,,,,,,,,,,,,,,Arkansas
LattMa00,2013,4,131,SFO,Marcus Lattimore,RB,RB,0,21,,0,0,0,,,,,,,,,,,,,,,,,,South Carolina
JamiJa00,2013,7,228,WAS,Jawan Jamison,RB,RB,0,21,,0,0,0,,,,,,,,,,,,,,,,,,Rutgers
CoxxMi00,2013,7,253,NYG,Michael Cox,RB,RB,0,24,2014,0,0,0,0,0,18,,,,,,26,76,0,5,21,0,3,,,Massachusetts
EwinBr00,2012,5,157,ATL,Bradie Ewing,RB,RB,0,22,2013,0,0,0,0,0,2,,,,,,,,,2,29,0,,,,Wisconsin
GanaTe00,2012,6,202,NYJ,Terrance Ganaway,RB,RB,0,23,2012,0,0,0,0,,3,,,,,,,,,,,,,,,Baylor
SmitMi01,2012,7,212,TAM,Michael Smith,RB,RB,0,24,2012,0,0,0,0,0,1,,,,,,,,,,,,,,,Utah State
MareOw00,2011,4,124,CLE,Owen Marecic,RB,RB,0,22,2012,0,0,0,0,0,24,,,,,,4,8,0,5,31,0,3,,,Stanford
HarpJa01,2011,4,130,TEN,Jamie Harper,RB,RB,0,22,2012,0,0,0,0,0,23,,,,,,36,74,4,5,40,0,2,,,Clemson
WhitJo01,2011,5,133,BUF,Johnny White,RB,RB,0,23,2012,0,0,0,0,0,19,,,,,,20,72,0,1,-3,0,6,,,North Carolina
ChapSh00,2011,7,220,DAL,Shaun Chapas,RB,RB,0,23,2012,0,0,0,0,0,6,,,,,,,,,2,15,0,,,,Georgia
BannSh00,2011,7,223,KAN,Shane Bannon,RB,RB,0,22,,0,0,0,,,,,,,,,,,,,,,,,,Yale
FinlJa00,2011,7,246,CIN,Jay Finley,RB,RB,0,23,,0,0,0,,,,,,,,,,,,,,,,,,Baylor
SpilC.00,2010,1,9,BUF,C.J. Spiller,RB,RB,0,23,2016,0,1,3,34,32,87,,,,,,708,3446,12,197,1477,9,2,,,Clemson
ConnJo00,2010,5,139,NYJ,John Conner,RB,RB,0,23,2014,0,0,1,0,0,62,,,,,,27,108,2,12,84,1,2,,,Kentucky
,2010,6,174,WAS,Dennis Morris,RB,RB,0,,,0,0,0,,,,,,,,,,,,,,,,,,Louisiana Tech
,2010,6,200,PHI,Charles Scott,RB,RB,0,,,0,0,0,,,,,,,,,,,,,,,,,,LSU
DImpRy00,2010,7,237,MIN,Ryan D'Imperio,RB,RB,0,23,2011,0,0,0,0,0,12,,,,,,,,,2,7,0,,,,Rutgers
JohnGa01,2009,4,134,SDG,Gartrell Johnson,RB,RB,0,23,2010,0,0,0,0,,19,,,,,,23,79,0,3,6,0,1,,,
JohnQu00,2009,5,145,GNB,Quinn Johnson,RB,RB,0,23,2013,0,0,1,0,0,44,,,,,,4,5,0,13,100,0,1,,,
WillJa05,2009,7,212,KAN,Javarris Williams,RB,RB,0,23,2012,0,0,0,0,0,4,,,,,,6,6,0,0,0,0,,,,
VakaFu00,2009,7,215,CIN,Fui Vakapuna,RB,RB,0,25,,0,0,0,,,,,,,,,,,,,,,,,,
ThomMa01,2008,5,166,SDG,Marcus Thomas,RB,RB,0,24,2008,0,0,0,0,,5,,,,,,,,,,,,,,,Texas-El Paso
BrowTh01,2008,6,172,ATL,Thomas Brown,RB,RB,0,22,,0,0,0,,,,,,,,,,,,,,,,,,Georgia
OmonXa00,2008,6,179,BUF,Xavier Omon,RB,RB,0,23,2009,0,0,0,0,0,7,,,,,,11,27,0,0,0,0,,,,Northwest Missouri State
WashCh00,2008,7,213,JAX,Chauncey Washington,RB,RB,0,23,2011,0,0,0,0,0,11,,,,,,5,8,0,3,22,0,,,,USC
BoydCo01,2008,7,238,TAM,Cory Boyd,RB,RB,0,23,2008,0,0,0,0,,1,,,,,,,,,,,,,,,South Carolina
PatrAl00,2008,7,240,BAL,Allen Patrick,RB,RB,0,24,,0,0,0,,,,,,,,,,,,,,,,,,Oklahoma
,2007,2,49,CIN,Kenny Irons,RB,RB,0,,,0,0,0,,,,,,,,,,,,,,,,,,Auburn
HuntTo01,2007,3,90,PHI,Tony Hunt,RB,RB,0,21,2008,0,0,0,0,0,14,,,,,,14,25,2,6,42,0,2,,,Penn State
MauiRe00,2007,6,181,MIA,Reagan Maui'a,RB,RB,0,23,2012,0,0,0,0,0,39,,,,,,4,5,0,6,44,0,5,,,Hawaii
,2007,6,186,SFO,Thomas Clayton,RB,RB,0,,,0,0,0,,,,,,,,,,,,,,,,,,Kansas State
,2007,6,208,NWE,Justise Hairston,RB,RB,0,,,0,0,0,,,,,,,,,,,,,,,,,,Connecticut State
,2007,7,236,PHI,Nate Ilaoa,RB,RB,0,,,0,0,0,,,,,,,,,,,,,,,,,,Hawaii
DaniP.00,2006,4,132,BAL,P.J. Daniels,RB,RB,0,23,2007,0,0,0,0,0,1,,,,,,,,,,,,,,,Georgia Tech
KirtDa00,2006,5,163,SEA,David Kirtman,RB,RB,0,23,2008,0,0,0,0,0,7,,,,,,,,,,,,,,,USC
RunnJ.00,2006,6,195,CHI,J.D. Runnels,RB,RB,0,22,2006,0,0,0,0,0,2,,,,,,,,,,,,,,,Oklahoma
,2006,7,240,PIT,Cedric Humes,RB,RB,0,,,0,0,0,,,,,,,,,,,,,,,,,,Virginia Tech
ArriJ.00,2005,2,44,ARI,J.J. Arrington,RB,RB,0,22,2008,0,0,0,11,11,58,0,1,0,0,0,183,654,3,91,693,2,6,,,California
ShelEr00,2005,2,54,CAR,Eric Shelton,RB,RB,0,22,2006,0,0,0,0,0,9,,,,,,8,23,0,1,6,0,1,,,Louisville
,2005,3,101,DEN,Maurice Clarett,RB,RB,0,,,0,0,0,,,,,,,,,,,,,,,,,,Ohio State
,2005,4,120,WAS,Manuel White,RB,RB,0,,,0,0,0,,,,,,,,,,,,,,,,,,UCLA
CobbDe00,2005,6,201,ATL,DeAndra Cobb,RB,RB,0,24,2005,0,0,0,0,0,3,,,,,,,,,,,,,,,Michigan State
,2005,7,221,TAM,Rick Razzano,RB,RB,0,,,0,0,0,,,,,,,,,,,,,,,,,,Mississippi
GateLi00,2005,7,236,BUF,Lionel Gates,RB,RB,0,23,2007,0,0,0,0,,1,,,,,,,,,,,,,,,Louisville
,2005,7,243,IND,Anthony Davis,RB,RB,0,,,0,0,0,,,,,,,,,,,,,,,,,,Wisconsin
CobbCe00,2004,4,128,NWE,Cedric Cobbs,RB,RB,0,23,2006,0,0,0,0,0,5,,,,,,25,59,0,,,,1,,,Arkansas
WilsQu00,2004,7,219,ATL,Quincy Wilson,RB,RB,0,23,2007,0,0,0,0,,4,,,,,,2,2,0,,,,,,,West Virginia
CramCa00,2004,7,228,TAM,Casey Cramer,RB,RB,0,22,2008,0,0,0,0,,36,,,,,,,,,4,11,1,17,,,Dartmouth
PerrBr01,2004,7,242,PHI,Bruce Perry,RB,RB,0,23,2006,0,0,0,0,0,5,,,,,,16,74,0,0,0,0,2,,,Maryland
MireBr00,2004,7,247,DEN,Brandon Miree,RB,RB,0,23,2006,0,0,0,0,,10,,,,,,,,,9,57,0,,,,Pittsburgh
,2003,7,235,DEN,Ahmaad Galloway,RB,RB,0,,,0,0,0,,,,,,,,,,,,,,,,,,
,2003,7,236,DET,Brandon Drumm,RB,RB,0,,,0,0,0,,,,,,,,,,,,,,,,,,
,2003,7,242,PIT,J.T. Wall,RB,RB,0,,,0,0,0,,,,,,,,,,,,,,,,,,
,2003,7,247,CAR,Casey Moore,RB,RB,0,,,0,0,0,,,,,,,,,,,,,,,,,,
DuckT.00,2002,1,18,ATL,T.J. Duckett,RB,RB,0,21,2008,0,0,1,21,17,93,0,1,0,0,0,717,2814,44,35,303,0,3,,,Michigan State
StepTr01,2002,4,119,TAM,Travis Stephens,RB,RB,0,24,2002,0,0,0,0,0,1,,,,,,,,,1,6,0,,,,Tennessee
NedxLa00,2002,6,197,OAK,Larry Ned,RB,RB,0,24,2004,0,0,0,0,,19,,,,,,,,,1,9,0,13,,,San Diego State
AlleBr20,2002,6,204,IND,Brian Allen,RB,RB,0,22,2003,0,0,0,0,0,4,,,,,,,,,,,,,,,Stanford
,2002,7,214,DET,Luke Staley,RB,RB,0,,,0,0,0,,,,,,,,,,,,,,,,,,BYU
,2002,7,237,NWE,Antwoine Womack,RB,RB,0,,,0,0,0,,,,,,,,,,,,,,,,,,Virginia
,2002,7,251,BUF,Jarrett Ferguson,RB,RB,0,,,0,0,0,,,,,,,,,,,,,,,,,,Virginia Tech
LaynGe00,2001,4,108,KAN,George Layne,RB,RB,0,22,2004,0,0,0,0,,11,,,,,,3,32,0,4,20,0,8,,,TCU
,2001,5,161,BAL,Chris Barnes,RB,RB,0,,,0,0,0,,,,,,,,,,,,,,,,,,New Mexico State
AlexDa21,2001,6,192,TEN,Dan Alexander,RB,RB,0,23,2003,0,0,0,0,0,11,,,,,,,,,,,,2,,,Nebraska
RedmJ.00,2000,3,76,NWE,J.R. Redmond,RB,RB,0,23,2004,0,0,0,9,6,50,,,,,,194,676,1,68,502,2,13,,,Arizona State
KeatCu00,2000,4,97,CIN,Curtis Keaton,RB,RB,0,23,2002,0,0,0,0,0,25,,,,,,23,91,0,1,9,0,,,,James Madison
,2000,6,171,PHI,Thomas Hamner,RB,RB,0,,,0,0,0,,,,,,,,,,,,,,,,,,Minnesota
StitSh00,2000,7,243,JAX,Shyrone Stith,RB,RB,0,22,2002,0,0,0,0,0,15,,,,,,20,55,1,,,,,,,Virginia Tech
JohnJ.00,1999,2,39,MIA,J.J. Johnson,RB,RB,0,25,2001,0,0,0,7,7,36,,,,,,219,748,5,29,182,0,1,,,Mississippi State
,1999,6,195,TAM,Lamarr Glenn,RB,RB,0,,,0,0,0,,,,,,,,,,,,,,,,,,Florida State
HillMa20,1999,7,207,CLE,Madre Hill,RB,RB,0,23,2002,0,0,0,0,0,7,,,,,,,,,0,0,0,,,,Arkansas
FloyCh00,1998,3,81,NWE,Chris Floyd,RB,RB,0,23,2000,0,0,0,0,0,42,,,,,,14,33,0,4,43,0,,,,Michigan
,1998,4,122,DEN,Curtis Alexander,RB,RB,0,,,0,0,0,,,,,,,,,,,,,,,,,,Alabama
KingCa00,1998,4,123,PIT,Carlos King,RB,RB,0,24,1998,0,0,0,0,0,1,,,,,,,,,,,,,,,North Carolina State
,1998,5,129,STL,Raymond Priester,RB,RB,0,,,0,0,0,,,,,,,,,,,,,,,,,,Clemson
ShawHa00,1998,6,176,NWE,Harold Shaw,RB,RB,0,24,2000,0,0,0,0,0,35,,,,,,18,35,0,4,42,0,,,,Southern Miss
,1998,7,202,CIN,Marcus Parker,RB,RB,0,,,0,0,0,,,,,,,,,,,,,,,,,,Virginia Tech
WatsEd00,1998,7,218,GNB,Eddie Watson,RB,RB,0,22,1999,0,0,0,0,,6,,,,,,4,17,0,,,,,,,Purdue
,1998,7,223,DAL,Tarik Smith,RB,RB,0,,,0,0,0,,,,,,,,,,,,,,,,,,California
,1998,7,224,KAN,Ernest Blackwell,RB,RB,0,,,0,0,0,,,,,,,,,,,,,,,,,,Missouri
,1998,7,233,ARI,Ron Janes,RB,RB,0,,,0,0,0,,,,,,,,,,,,,,,,,,Missouri
LeviCh20,1997,4,123,OAK,Chad Levitt,RB,RB,0,21,1997,0,0,0,0,0,10,,,,,,2,3,0,2,24,0,,,,Cornell
SualNi00,1997,4,129,DAL,Nicky Sualua,RB,RB,0,22,1998,0,0,0,0,0,26,,,,,,,,,0,0,0,,,,Ohio State
,1997,6,167,BAL,Steve Lee,RB,RB,0,,,0,0,0,,,,,,,,,,,,,,,,,,Indiana
,1997,6,175,ARI,Rod Brown,RB,RB,0,,,0,0,0,,,,,,,,,,,,,,,,,,North Carolina State
,1997,7,206,DET,Terry Battle,RB,RB,0,,,0,0,0,,,,,,,,,,,,,,,,,,Arizona State
BarbKa20,1996,4,124,NWE,Kantroy Barber,RB,RB,0,22,1999,0,0,0,0,,2,,,,,,,,,,,,,,,West Virginia
,1996,5,142,CAR,Marquette Smith,RB,RB,0,,,0,0,0,,,,,,,,,,,,,,,,,,Central Florida
NealLe20,1996,6,196,BUF,Leon Neal,RB,RB,0,24,1997,0,0,0,0,,1,,,,,,,,,,,,,,,Washington
,1996,6,198,SFO,Stephen Pitts,RB,RB,0,,,0,0,0,,,,,,,,,,,,,,,,,,Penn State
ArchMi00,1996,7,218,HOU,Mike Archie,RB,RB,0,23,1998,0,0,0,0,0,23,1,2,18,1,0,6,24,1,5,25,0,,,,Penn State
,1996,7,235,DEN,L.T. Levine,RB,RB,0,,,0,0,0,,,,,,,,,,,,,,,,,,Kansas
,1996,7,243,DAL,Ryan Wood,RB,RB,0,,,0,0,0,,,,,,,,,,,,,,,,,,Arizona State
,1995,4,103,WAS,Larry Jones,RB,RB,0,,,0,0,0,,,,,,,,,,,,,,,,,,Miami (FL)
ChriRy20,1995,5,169,JAX,Ryan Christopherson,RB,RB,0,23,1996,0,0,0,0,0,19,,,,,,16,16,1,1,-1,0,,,,Wyoming
PhilDi00,1995,6,195,NWE,Dino Philyaw,RB,RB,0,24,1999,0,0,0,0,,23,,,,,,16,54,1,2,23,0,,,,Oregon
BouiKe20,1995,7,210,PHI,Kevin Bouie,RB,RB,0,24,1997,0,0,0,0,,6,,,,,,11,26,0,,,,,,,Mississippi State
BostJa00,1994,3,83,RAM,James Bostic,RB,RB,0,22,1999,0,0,0,0,,11,,,,,,5,19,0,5,8,0,,,,Auburn
,1994,4,129,HOU,Sean Jackson,RB,RB,0,,,0,0,0,,,,,,,,,,,,,,,,,,Florida State
VinsTo00,1994,5,160,SDG,Tony Vinson,RB,RB,0,23,1999,0,0,0,0,,16,,,,,,,,,,,,,,,Towson
,1994,6,171,CLE,Robert Strait,RB,RB,0,,,0,0,0,,,,,,,,,,,,,,,,,,Baylor
,1994,6,173,NYJ,Fred Lester,RB,RB,0,,,0,0,0,,,,,,,,,,,,,,,,,,Alabama A&M
DaigAn20,1994,6,185,KAN,Anthony Daigle,RB,RB,0,24,1994,0,0,0,0,,1,,,,,,,,,,,,,,,Fresno State
HarvFr20,1994,7,204,ARI,Frank Harvey,RB,RB,0,23,1994,0,0,0,0,0,2,,,,,,,,,,,,,,,Georgia
,1994,7,206,PHI,Mark Montgomery,RB,RB,0,,,0,0,0,,,,,,,,,,,,,,,,,,Wisconsin
,1994,7,209,PIT,Brice Abrams,RB,RB,0,,,0,0,0,,,,,,,,,,,,,,,,,,Michigan State
BynoBu20,1994,7,212,DEN,Butler By'not'e,RB,RB,0,22,1995,0,0,0,0,0,16,,,,,,,,,,,,,,,Ohio State
WhitRu20,1993,,73,RAM,Russell White,RB,RB,0,22,1993,0,0,0,0,0,5,,,,,,2,10,0,0,0,0,,,,
WillKe23,1993,,126,DEN,Kevin Williams,RB,RB,0,23,1993,0,0,0,0,,3,,,,,,,,,,,,,,,
s Turner,1993,,159,KAN,Darius Turner,RB,RB,0,,,0,0,0,,,,,,,,,,,,,,,,,,
ce Lewis,1993,,184,IND,Lance Lewis,RB,RB,0,,,0,0,0,,,,,,,,,,,,,,,,,,
StacSi20,1992,2,48,PHI,Siran Stacy,RB,RB,0,24,1992,0,0,0,0,0,16,,,,,,,,,,,,,,,Alabama
BrooTo21,1992,4,92,PHI,Tony Brooks,RB,RB,0,23,1992,0,0,0,0,0,5,,,,,,,,,,,,,,,Notre Dame
,1992,5,113,IND,Maury Toy,RB,RB,0,,,0,0,0,,,,,,,,,,,,,,,,,,UCLA
,1992,6,144,RAM,Joe Campbell,RB,RB,0,,,0,0,0,,,,,,,,,,,,,,,,,,Middle Tenn. State
,1992,6,152,MIN,Mike Gaddis,RB,RB,0,,,0,0,0,,,,,,,,,,,,,,,,,,Oklahoma
,1992,8,207,SEA,Muhammad Shamsid-Deen,RB,RB,0,,,0,0,0,,,,,,,,,,,,,,,,,,Tenn-Chattanooga
,1992,10,259,PHO,Reggie Yarbrough,RB,RB,0,,,0,0,0,,,,,,,,,,,,,,,,,,Cal State-Fullerton
,1992,10,262,PIT,Mike Saunders,RB,RB,0,,,0,0,0,,,,,,,,,,,,,,,,,,Iowa
,1992,10,267,MIA,Raoul Spears,RB,RB,0,,,0,0,0,,,,,,,,,,,,,,,,,,USC
,1992,10,273,CHI,Nikki Fisher,RB,RB,0,,,0,0,0,,,,,,,,,,,,,,,,,,Virginia
,1992,11,285,SDG,Keith McAfee,RB,RB,0,,,0,0,0,,,,,,,,,,,,,,,,,,Texas A&M
,1992,12,328,MIA,Kameno Bell,RB,RB,0,,,0,0,0,,,,,,,,,,,,,,,,,,Illinois
,1991,6,148,NYJ,Blaise Bryant,RB,RB,0,,,0,0,0,,,,,,,,,,,,,,,,,,Iowa State
DeanWa20,1991,6,149,GNB,Walter Dean,RB,RB,0,23,1991,0,0,0,0,0,9,,,,,,,,,,,,,,,Grambling State
,1991,7,170,RAM,Tyrone Shelton,RB,RB,0,,,0,0,0,,,,,,,,,,,,,,,,,,William & Mary
CanlSh20,1991,7,193,SFO,Sheldon Canley,RB,RB,0,23,1992,0,0,0,0,,1,,,,,,4,9,0,0,0,0,,,,San Jose State
,1991,7,194,BUF,Amir Rasul,RB,RB,0,,,0,0,0,,,,,,,,,,,,,,,,,,Florida A&M
,1991,8,198,PHO,Greg Amsler,RB,RB,0,,,0,0,0,,,,,,,,,,,,,,,,,,Tennessee
JackCe20,1991,8,205,DET,Cedric Jackson,RB,RB,0,23,1991,0,0,0,0,0,8,,,,,,17,55,0,1,-2,0,,,,TCU
,1991,9,232,MIN,Gerald Hudson,RB,RB,0,,,0,0,0,,,,,,,,,,,,,,,,,,Oklahoma State
,1991,9,237,NOR,Anthony Wallace,RB,RB,0,,,0,0,0,,,,,,,,,,,,,,,,,,California
WeatCh20,1991,9,242,PHI,Chuck Weatherspoon,RB,RB,0,23,1991,0,0,0,0,,4,,,,,,,,,,,,,,,Houston
,1991,10,254,SDG,Ronald Poles,RB,RB,0,,,0,0,0,,,,,,,,,,,,,,,,,,Tennessee
,1991,10,261,NYJ,Al Baker,RB,RB,0,,,0,0,0,,,,,,,,,,,,,,,,,,Kentucky
,1991,10,265,TAM,Hyland Hickson,RB,RB,0,,,0,0,0,,,,,,,,,,,,,,,,,,Michigan State
,1991,11,291,DAL,Tony Boles,RB,RB,0,,,0,0,0,,,,,,,,,,,,,,,,,,Michigan
,1991,11,297,SEA,Tony Stewart,RB,RB,0,,,0,0,0,,,,,,,,,,,,,,,,,,Iowa
SamuCh20,1991,12,317,SDG,Chris Samuels,RB,RB,0,22,1991,0,0,0,0,0,3,,,,,,2,10,0,2,33,0,,,,Texas
FullEd20,1990,4,100,BUF,Eddie Fuller,RB,RB,0,22,1993,0,0,0,0,0,20,,,,,,6,39,0,2,17,0,,,,LSU
,1990,5,120,NWE,James Gray,RB,RB,0,,,0,0,0,,,,,,,,,,,,,,,,,,Texas Tech
,1990,5,137,MIA,Leroy Holt,RB,RB,0,,,0,0,0,,,,,,,,,,,,,,,,,,USC
PrinMi20,1990,6,139,ATL,Mike Pringle,RB,RB,0,22,1990,0,0,0,0,0,3,,,,,,2,9,0,,,,,,,Cal State-Fullerton
DougDe20,1990,6,141,TAM,Derrick Douglas,RB,RB,0,22,1991,0,0,0,0,,2,,,,,,,,,,,,,,,Louisiana Tech
WilsMa20,1990,6,149,RAI,Marcus Wilson,RB,RB,0,22,1995,0,0,0,0,0,49,,,,,,12,24,0,2,18,0,,,,Virginia
,1990,7,184,HOU,Andy Murray,RB,RB,0,,,0,0,0,,,,,,,,,,,,,,,,,,Kentucky
,1990,7,191,NYG,Aaron Emanuel,RB,RB,0,,,0,0,0,,,,,,,,,,,,,,,,,,USC
,1990,8,201,SDG,J.J. Flannigan,RB,RB,0,,,0,0,0,,,,,,,,,,,,,,,,,,Colorado
,1990,9,230,RAI,Leon Perry,RB,RB,0,,,0,0,0,,,,,,,,,,,,,,,,,,Oklahoma
,1990,9,233,NOR,Broderick Graves,RB,RB,0,,,0,0,0,,,,,,,,,,,,,,,,,,Winston-Salem State
,1990,9,235,KAN,Michael Owens,RB,RB,0,,,0,0,0,,,,,,,,,,,,,,,,,,Syracuse
,1990,10,253,NWE,Anthony Landry,RB,RB,0,,,0,0,0,,,,,,,,,,,,,,,,,,Stephen F. Austin (TX)
,1990,11,285,DET,Reginald Warnsley,RB,RB,0,,,0,0,0,,,,,,,,,,,,,,,,,,Southern Miss
,1990,11,291,KAN,Ernest Thompson,RB,RB,0,,,0,0,0,,,,,,,,,,,,,,,,,,Georgia Southern
,1990,11,299,GNB,Harry Jackson,RB,RB,0,,,0,0,0,,,,,,,,,,,,,,,,,,St. Cloud St.
,1990,12,308,PHO,Donnie Riley,RB,RB,0,,,0,0,0,,,,,,,,,,,,,,,,,,Central Michigan
,1990,12,327,PHI,Judd Garrett,RB,RB,0,,,0,0,0,,,,,,,,,,,,,,,,,,Princeton
HarrEl21,1989,3,71,SEA,Elroy Harris,RB,RB,0,23,1989,0,0,0,0,0,14,,,,,,8,23,0,3,26,0,,,,Eastern Kentucky
LawsJa20,1989,5,117,TAM,Jamie Lawson,RB,RB,0,23,1990,0,0,0,0,0,12,,,,,,,,,,,,,,,Nicholls State
LloyDo20,1989,6,156,RAI,Doug Lloyd,RB,RB,0,24,1991,0,0,0,0,0,1,,,,,,,,,,,,,,,North Dakota State
,1989,6,164,BUF,Sean Doctor,RB,RB,0,,,0,0,0,,,,,,,,,,,,,,,,,,Marshall
,1989,6,165,NWE,Eric Mitchel,RB,RB,0,,,0,0,0,,,,,,,,,,,,,,,,,,Oklahoma
JohnUn20,1989,7,172,ATL,Undra Johnson,RB,RB,0,23,1989,0,0,0,0,0,6,,,,,,,,,,,,,,,West Virginia
,1989,8,196,DAL,Charvez Foger,RB,RB,0,,,0,0,0,,,,,,,,,,,,,,,,,,Nevada
,1989,8,199,KAN,Bryan Tobey,RB,RB,0,,,0,0,0,,,,,,,,,,,,,,,,,,Grambling State
,1989,8,207,PHO,John Burch,RB,RB,0,,,0,0,0,,,,,,,,,,,,,,,,,,Tenn-Martin
BrowAB00,1989,8,209,NYJ,A.B. Brown,RB,RB,0,23,1992,0,0,0,0,0,33,,,,,,40,117,1,8,40,0,,,,West Virginia
EguxPa00,1989,9,230,TAM,Patrick Egu,RB,RB,0,22,1989,0,0,0,0,,7,,,,,,3,20,1,,,,,,,Nevada
,1989,9,240,NWE,Darron Norris,RB,RB,0,,,0,0,0,,,,,,,,,,,,,,,,,,Texas
,1989,9,241,DEN,Wayne Williams,RB,RB,0,,,0,0,0,,,,,,,,,,,,,,,,,,Florida
,1989,9,248,CHI,Byron Sanders,RB,RB,0,,,0,0,0,,,,,,,,,,,,,,,,,,Northwestern
,1989,10,273,NOR,Joe Henderson,RB,RB,0,,,0,0,0,,,,,,,,,,,,,,,,,,Iowa State
FloyVi20,1989,11,287,SDG,Victor Floyd,RB,RB,0,23,1989,0,0,0,0,0,6,,,,,,8,15,0,1,6,0,,,,Florida State
,1989,11,289,SFO,Jim Bell,RB,RB,0,,,0,0,0,,,,,,,,,,,,,,,,,,Boston College
,1989,11,294,NWE,Tony Hinz,RB,RB,0,,,0,0,0,,,,,,,,,,,,,,,,,,Harvard
,1989,12,314,IND,William DuBose,RB,RB,0,,,0,0,0,,,,,,,,,,,,,,,,,,South Carolina State
MickJo21,1989,12,317,WAS,Joe Mickles,RB,RB,0,23,1990,0,0,0,0,0,10,,,,,,,,,,,,,,,Mississippi
JeffTo20,1988,2,38,PHO,Tony Jeffery,RB,RB,0,24,1988,0,0,0,0,0,3,,,,,,3,8,0,,,,,,,TCU
HarmKe20,1988,4,101,SEA,Kevin Harmon,RB,RB,0,21,1989,0,0,0,0,0,9,,,,,,3,37,0,,,,,,,Iowa
CarrLy20,1988,4,106,NOR,Lydell Carr,RB,RB,0,23,1989,0,0,0,0,,5,,,,,,,,,,,,,,,Oklahoma
,1988,6,153,MIA,Melvin Bratton,RB,RB,0,,,0,0,0,,,,,,,,,,,,,,,,,,Miami (FL)
,1988,6,156,MIA,George Cooper,RB,RB,0,,,0,0,0,,,,,,,,,,,,,,,,,,Ohio State
,1988,7,172,NYJ,Gary Patton,RB,RB,0,,,0,0,0,,,,,,,,,,,,,,,,,,Eastern Michigan
,1988,7,184,BUF,Bo Wright,RB,RB,0,,,0,0,0,,,,,,,,,,,,,,,,,,Alabama
,1988,8,198,TAM,Anthony Simpson,RB,RB,0,,,0,0,0,,,,,,,,,,,,,,,,,,East Carolina
CollPa20,1988,8,200,GNB,Patrick Collins,RB,RB,0,22,1988,0,0,0,0,0,5,,,,,,2,2,0,2,17,0,,,,Oklahoma
,1988,8,207,PHI,David Smith,RB,RB,0,,,0,0,0,,,,,,,,,,,,,,,,,,Western Kentucky
,1988,8,217,CHI,Harvey Reed,RB,RB,0,,,0,0,0,,,,,,,,,,,,,,,,,,Howard
,1988,8,221,WAS,Darryl McGill,RB,RB,0,,,0,0,0,,,,,,,,,,,,,,,,,,Wake Forest
,1988,9,227,RAI,Reggie Ware,RB,RB,0,,,0,0,0,,,,,,,,,,,,,,,,,,Auburn
,1988,9,236,PIT,Gordie Lockbaum,RB,RB,0,,,0,0,0,,,,,,,,,,,,,,,,,,Holy Cross
FarrMe20,1988,9,248,DEN,Mel Farr,RB,RB,0,22,1989,0,0,0,0,,1,,,,,,,,,,,,,,,UCLA
GambKe00,1988,10,251,KAN,Kenny Gamble,RB,RB,0,23,1990,0,0,0,0,0,19,,,,,,6,24,1,3,-5,0,1,,,Colgate
,1988,10,268,DEN,Channing Williams,RB,RB,0,,,0,0,0,,,,,,,,,,,,,,,,,,Arizona State
,1988,11,292,MIA,Tom Kelleher,RB,RB,0,,,0,0,0,,,,,,,,,,,,,,,,,,Holy Cross
,1988,11,304,DEN,Richard Calvin,RB,RB,0,,,0,0,0,,,,,,,,,,,,,,,,,,Washington State
SwarGe20,1987,5,118,STL,George Swarn,RB,RB,0,23,1987,0,0,0,0,,1,,,,,,,,,,,,,,,Miami (OH)
TillSp00,1987,5,133,HOU,Spencer Tillman,RB,RB,0,23,1994,0,0,0,1,1,115,,,,,,40,181,1,3,7,1,,,,Oklahoma
BartSt01,1987,6,143,TAM,Steve Bartalo,RB,RB,0,23,1987,0,0,0,0,0,9,0,1,0,0,1,9,30,1,1,5,0,,,,Colorado State
,1987,6,160,NYG,Tim Richardson,RB,RB,0,,,0,0,0,,,,,,,,,,,,,,,,,,Pacific
MarsWa20,1987,6,167,DEN,Warren Marshall,RB,RB,0,23,1987,0,0,0,0,0,1,,,,,,,,,,,,,,,James Madison
PortKe20,1987,7,171,BUF,Kerry Porter,RB,RB,0,23,1990,0,0,0,0,0,35,,,,,,16,57,0,4,44,0,,,,Washington State
ClemMi20,1987,8,218,KAN,Michael Clemons,RB,RB,0,22,1987,0,0,0,0,0,8,,,,,,2,7,0,,,,,,,William & Mary
,1987,9,224,TAM,Joe Armentrout,RB,RB,0,,,0,0,0,,,,,,,,,,,,,,,,,,Wisconsin
,1987,9,226,SDG,Thomas Wilcher,RB,RB,0,,,0,0,0,,,,,,,,,,,,,,,,,,Michigan
,1987,9,240,RAM,Tracy Ham,RB,RB,0,,,0,0,0,,,,,,,,,,,,,,,,,,Georgia Southern
,1987,9,248,WAS,Alfred Jenkins,RB,RB,0,,,0,0,0,,,,,,,,,,,,,,,,,,Arizona
EvanJa22,1987,10,271,KAN,James Evans,RB,RB,0,24,1987,0,0,0,0,0,2,,,,,,,,,,,,,,,Saginaw Valley State
,1987,11,280,TAM,Reggie Taylor,RB,RB,0,,,0,0,0,,,,,,,,,,,,,,,,,,Cincinnati
McLeCh20,1987,11,288,RAI,Chris McLemore,RB,RB,0,23,1988,0,0,0,0,0,12,,,,,,17,58,0,2,9,0,,,,Arizona
OlivDa20,1987,11,297,SEA,Darryl Oliver,RB,RB,0,23,1987,0,0,0,0,,2,,,,,,1,0,0,1,2,0,,,,Miami (FL)
JessTi20,1987,11,305,CHI,Tim Jessie,RB,RB,0,24,1987,0,0,0,0,,3,,,,,,10,37,1,1,8,0,,,,Auburn
,1987,11,306,DEN,Tommy Neal,RB,RB,0,,,0,0,0,,,,,,,,,,,,,,,,,,Maryland
AdamDa20,1987,12,309,IND,David Adams,RB,RB,0,23,1987,0,0,0,0,,3,,,,,,7,49,1,1,8,0,,,,Arizona
,1987,12,310,SDG,Marcus Greenwood,RB,RB,0,,,0,0,0,,,,,,,,,,,,,,,,,,UCLA
ValeIr20,1987,12,314,HOU,Ira Valentine,RB,RB,0,24,1987,0,0,0,0,0,7,,,,,,5,10,0,2,10,0,,,,Texas A&M
EmerLa20,1987,12,320,ATL,Larry Emery,RB,RB,0,23,1987,0,0,0,0,0,5,,,,,,1,5,0,5,31,0,,,,Wisconsin
BursTo20,1987,12,324,SEA,Tony Burse,RB,RB,0,22,1987,0,0,0,0,0,12,,,,,,7,36,0,,,,,,,Middle Tenn. State
WillAl22,1987,12,326,RAM,Alonzo Williams,RB,RB,0,24,1987,0,0,0,0,0,3,,,,,,2,9,0,,,,,,,Mesa
HoliJo20,1987,12,328,CIN,John Holifield,RB,RB,0,23,1989,0,0,0,0,0,3,,,,,,11,20,0,2,18,0,,,,West Virginia
StarCh20,1987,12,329,NYG,Chad Stark,RB,RB,0,22,1987,0,0,0,0,,2,,,,,,,,,,,,,,,North Dakota State
DaviEl20,1987,12,330,NWE,Elgin Davis,RB,RB,0,21,1988,0,0,0,0,0,9,,,,,,9,43,0,,,,,,,Central Florida
SmitOs20,1986,5,119,DET,Oscar Smith,RB,RB,0,23,1986,0,0,0,0,0,2,,,,,,,,,,,,,,,Nicholls State
,1986,6,141,KAN,Kent Hagood,RB,RB,0,,,0,0,0,,,,,,,,,,,,,,,,,,South Carolina
,1986,6,147,MIN,Thomas Rooks,RB,RB,0,,,0,0,0,,,,,,,,,,,,,,,,,,Illinois
,1986,6,160,RAM,Lynn Williams,RB,RB,0,,,0,0,0,,,,,,,,,,,,,,,,,,Kansas
PoweJe21,1986,6,166,CHI,Jeff Powell,RB,RB,0,23,1987,0,0,0,0,,1,,,,,,,,,,,,,,,Tennessee
FranPa21,1986,7,177,CIN,Pat Franklin,RB,RB,0,23,1987,0,0,0,0,0,10,,,,,,7,7,0,7,29,1,,,,Houston
,1986,7,181,SEA,Paul Miles,RB,RB,0,,,0,0,0,,,,,,,,,,,,,,,,,,Nebraska
ClemTo21,1986,8,212,DAL,Topper Clemons,RB,RB,0,23,1987,0,0,0,0,,3,,,,,,3,0,0,1,13,1,,,,Wake Forest
FaaoNu00,1986,9,245,NYJ,Nuu Faaola,RB,RB,0,22,1989,0,0,0,0,0,52,,,,,,20,71,2,2,24,0,,,,Hawaii
BakeTo20,1986,10,252,ATL,Tony Baker,RB,RB,0,22,1989,0,0,0,0,0,18,,,,,,24,53,0,2,18,0,,,,East Carolina
,1986,10,276,NWE,Cletis Jones,RB,RB,0,,,0,0,0,,,,,,,,,,,,,,,,,,Florida State
SandCh21,1986,11,293,SDG,Chuck Sanders,RB,RB,0,22,1987,0,0,0,0,,19,,,,,,15,77,1,3,30,0,,,,Slippery Rock
,1986,11,297,WAS,Kenny Fells,RB,RB,0,,,0,0,0,,,,,,,,,,,,,,,,,,Henderson State
,1986,11,299,NYJ,Vince Amoia,RB,RB,0,,,0,0,0,,,,,,,,,,,,,,,,,,Arizona State
,1986,11,300,RAM,Chul Schwanke,RB,RB,0,,,0,0,0,,,,,,,,,,,,,,,,,,South Dakota
,1986,11,301,DEN,Thomas Dendy,RB,RB,0,,,0,0,0,,,,,,,,,,,,,,,,,,South Carolina
CrawMi20,1986,12,324,TAM,Mike Crawford,RB,RB,0,22,1987,0,0,0,0,,3,,,,,,,,,,,,,,,Arizona State
IsomRi20,1986,12,329,MIA,Rickey Isom,RB,RB,0,22,1987,0,0,0,0,0,3,,,,,,9,41,1,1,11,0,,,,North Carolina State
AlleGr21,1985,2,35,CLE,Greg Allen,RB,RB,0,22,1986,0,0,0,0,0,9,,,,,,9,35,0,,,,,,,Florida State
LaveRo20,1985,4,103,DAL,Robert Lavette,RB,RB,0,22,1987,0,0,0,0,0,33,,,,,,23,40,0,7,45,1,,,,Georgia Tech
McInJo20,1985,5,118,DET,Joe McIntosh,RB,RB,0,22,1987,0,0,0,0,,2,,,,,,5,11,0,3,15,1,,,,North Carolina State
ReedDa20,1985,5,135,RAI,Dan Reeder,RB,RB,0,24,1987,0,0,0,0,,13,,,,,,8,28,0,2,4,0,,,,Delaware
,1985,5,137,SEA,Johnnie Jones,RB,RB,0,,,0,0,0,,,,,,,,,,,,,,,,,,Tennessee
,1985,7,172,CIN,Kim Locklin,RB,RB,0,,,0,0,0,,,,,,,,,,,,,,,,,,New Mexico State
BradDa21,1985,7,189,RAM,Danny Bradley,RB,RB,0,22,1987,0,0,0,0,,3,,,,,,,,,7,50,2,,,,Oklahoma
,1985,8,218,RAM,Marlon McIntyre,RB,RB,0,,,0,0,0,,,,,,,,,,,,,,,,,,Pittsburgh
CoviJa20,1985,9,227,MIN,Jaime Covington,RB,RB,0,22,1987,0,0,0,0,,2,,,,,,4,0,0,1,9,0,,,,Syracuse
,1985,10,271,STL,Dennis Williams,RB,RB,0,,,0,0,0,,,,,,,,,,,,,,,,,,Furman
,1985,11,288,TAM,James Williams,RB,RB,0,,,0,0,0,,,,,,,,,,,,,,,,,,Memphis
,1985,11,295,NWE,Paul Lewis,RB,RB,0,,,0,0,0,,,,,,,,,,,,,,,,,,Boston Univ.
,1985,11,307,MIA,Mike Jones,RB,RB,0,,,0,0,0,,,,,,,,,,,,,,,,,,Tulane
MumfTo20,1985,12,328,NWE,Tony Mumford,RB,RB,0,22,1985,0,0,0,0,,2,,,,,,,,,,,,,,,Penn State
